Timestamp,Milliseconds,X,Y,Z
2021-03-04 00:42:36,2,-1.3439484,5.2211,7.7902527
2021-03-04 00:42:36,12,-1.3439484,5.2211,7.7902527
2021-03-04 00:42:36,21,-1.1967163,5.230667,7.6202545
2021-03-04 00:42:36,31,-1.3200073,5.239044,7.638214
2021-03-04 00:42:36,41,-0.7741394,5.236664,7.7531433
2021-03-04 00:42:36,51,-1.3714905,5.2198944,7.804611
2021-03-04 00:42:36,61,-0.7717438,5.253418,7.7974243
2021-03-04 00:42:36,72,-1.341568,5.2558136,7.7890472
2021-03-04 00:42:36,81,-1.33078,5.258209,7.8141937
2021-03-04 00:42:36,91,-1.278122,5.246231,7.8141937
2021-03-04 00:42:36,101,-1.2960663,5.237854,7.961441
2021-03-04 00:42:36,111,-0.81843567,5.2402496,8.217621
2021-03-04 00:42:36,121,-0.8531494,5.198349,8.301407
2021-03-04 00:42:36,132,-0.8627167,5.258209,8.33493
2021-03-04 00:42:36,141,-0.8651123,5.261795,8.296616
2021-03-04 00:42:36,151,-0.8028717,5.292923,8.154175
2021-03-04 00:42:36,161,-0.8040619,5.237854,7.993759
2021-03-04 00:42:36,171,-0.80166626,5.237854,7.9362946
2021-03-04 00:42:36,181,-0.8136444,5.2127075,7.887207
2021-03-04 00:42:36,191,-0.8627167,5.270172,7.925522
2021-03-04 00:42:36,201,-0.84954834,5.30249,7.9111633
2021-03-04 00:42:36,212,-0.8280029,5.2713776,7.854889
2021-03-04 00:42:36,221,-0.83039856,5.2665863,7.8022156
2021-03-04 00:42:36,231,-1.3714905,5.258209,7.7938385
2021-03-04 00:42:36,241,-0.77053833,5.278549,7.7854614
2021-03-04 00:42:36,251,-1.346344,5.2725677,7.760315
2021-03-04 00:42:36,261,-1.3319855,5.2869415,7.736374
2021-03-04 00:42:36,272,-1.3726807,5.292923,7.8105927
2021-03-04 00:42:36,281,-0.8148346,5.308487,7.87764
2021-03-04 00:42:36,291,-0.7849121,5.294113,7.85968
2021-03-04 00:42:36,301,-0.77293396,5.3156586,7.8249664
2021-03-04 00:42:36,311,-0.8220215,5.30011,7.839325
2021-03-04 00:42:36,321,-0.8423767,5.3144684,7.883621
2021-03-04 00:42:36,331,-0.81243896,5.2833405,7.902771
2021-03-04 00:42:36,342,-1.302063,5.268982,7.914749
2021-03-04 00:42:36,351,-1.3164215,5.280945,7.902771
2021-03-04 00:42:36,361,-1.3595123,5.2797546,7.9087677
2021-03-04 00:42:36,371,-0.79089355,5.258209,7.966217
2021-03-04 00:42:36,381,-0.78012085,5.261795,8.01889
2021-03-04 00:42:36,391,-0.7849121,5.3036957,8.026077
2021-03-04 00:42:36,401,-1.3666992,5.3120728,7.9949493
2021-03-04 00:42:36,412,-1.3164215,5.2989044,7.914749
2021-03-04 00:42:36,421,-1.3679047,5.292923,7.8692627
2021-03-04 00:42:36,431,-0.7717438,5.3228455,7.8500977
2021-03-04 00:42:36,441,-0.79089355,5.3539734,7.784256
2021-03-04 00:42:36,452,-0.78131104,5.352768,7.7531433
2021-03-04 00:42:36,461,-0.792099,5.328827,7.7471466
2021-03-04 00:42:36,472,-0.7932892,5.3312225,7.7375793
2021-03-04 00:42:36,482,-0.8004761,5.30011,7.749542
2021-03-04 00:42:36,492,-0.8244171,5.3072815,7.7579346
2021-03-04 00:42:36,502,-0.7861023,5.333618,7.767502
2021-03-04 00:42:36,511,-0.80526733,5.32045,7.7926483
2021-03-04 00:42:36,522,-0.87109375,5.337219,7.8285522
2021-03-04 00:42:36,531,-0.86032104,5.324051,7.842926
2021-03-04 00:42:36,542,-0.7932892,5.3551636,7.85849
2021-03-04 00:42:36,551,-1.2924805,5.316864,7.9554443
2021-03-04 00:42:36,561,-1.3092346,5.284546,7.997345
2021-03-04 00:42:36,572,-1.3188171,5.237854,8.052414
2021-03-04 00:42:36,581,-1.3104401,5.285736,8.029663
2021-03-04 00:42:36,591,-1.3236084,5.2665863,7.9757996
2021-03-04 00:42:36,601,-1.3535309,5.2833405,7.9375
2021-03-04 00:42:36,612,-1.3499451,5.2905273,7.846512
2021-03-04 00:42:36,621,-1.3643036,5.2833405,7.8094025
2021-03-04 00:42:36,632,-0.8004761,5.3419952,7.796234
2021-03-04 00:42:36,641,-0.8040619,5.3276367,7.7974243
2021-03-04 00:42:36,652,-0.8938446,5.4102325,7.87883
2021-03-04 00:42:36,661,-0.8794861,5.347992,7.941086
2021-03-04 00:42:36,671,-0.8830719,5.3467865,7.9279175
2021-03-04 00:42:36,682,-0.84117126,5.356369,7.9530487
2021-03-04 00:42:36,691,-0.8399811,5.349182,7.8129883
2021-03-04 00:42:36,701,-0.8507538,5.3551636,7.767502
2021-03-04 00:42:36,712,-0.80885315,5.3384094,7.7136383
2021-03-04 00:42:36,721,-0.83039856,5.3312225,7.688492
2021-03-04 00:42:36,732,-0.81962585,5.3312225,7.7148285
2021-03-04 00:42:36,741,-0.87828064,5.325241,7.68132
2021-03-04 00:42:36,752,-0.8112488,5.3216553,7.693283
2021-03-04 00:42:36,761,-0.7657623,5.3419952,7.7818756
2021-03-04 00:42:36,771,-1.3319855,5.30011,7.851303
2021-03-04 00:42:36,782,-1.3427582,5.2713776,7.8728485
2021-03-04 00:42:36,791,-1.3750763,5.316864,8.057205
2021-03-04 00:42:37,802,-0.82681274,5.32045,8.124237
2021-03-04 00:42:37,811,-0.8004761,5.309677,8.07756
2021-03-04 00:42:37,822,-0.79089355,5.3264465,7.9769897
2021-03-04 00:42:37,831,-0.81004333,5.356369,7.8500977
2021-03-04 00:42:37,842,-0.8327942,5.3898926,7.8094025
2021-03-04 00:42:37,851,-0.87828064,5.368332,7.8010254
2021-03-04 00:42:37,862,-0.8351898,5.364746,7.7854614
2021-03-04 00:42:37,871,-0.80526733,5.3312225,7.8213806
2021-03-04 00:42:37,882,-0.796875,5.318054,7.834549
2021-03-04 00:42:37,892,-1.3714905,5.3013,7.78067
2021-03-04 00:42:37,901,-0.7825165,5.3300323,7.784256
2021-03-04 00:42:37,912,-0.7956848,5.3156586,7.787857
2021-03-04 00:42:37,921,-0.8172302,5.3108826,7.7687073
2021-03-04 00:42:37,932,-0.79447937,5.3156586,7.8010254
2021-03-04 00:42:37,941,-0.81604004,5.3419952,7.8022156
2021-03-04 00:42:37,951,-0.79927063,5.313278,7.815384
2021-03-04 00:42:37,961,-0.84117126,5.3467865,7.803421
2021-03-04 00:42:37,971,-0.8327942,5.375519,7.863266
2021-03-04 00:42:37,981,-0.8327942,5.368332,7.8932037
2021-03-04 00:42:37,991,-0.8327942,5.371933,7.8764343
2021-03-04 00:42:37,1002,-0.8447571,5.359955,7.902771
2021-03-04 00:42:37,1012,-0.8543396,5.371933,7.8800354
2021-03-04 00:42:37,1021,-0.80166626,5.3515778,7.8656616
2021-03-04 00:42:37,1032,-0.7956848,5.336014,7.887207
2021-03-04 00:42:37,1041,-0.78970337,5.332428,7.9470673
2021-03-04 00:42:37,1052,-0.7777252,5.30249,7.9530487
2021-03-04 00:42:37,1061,-0.7741394,5.3120728,7.9207306
2021-03-04 00:42:37,1072,-1.3643036,5.325241,7.8812256
2021-03-04 00:42:37,1082,-0.78131104,5.3419952,7.8261566
2021-03-04 00:42:37,1092,-0.79447937,5.340805,7.818985
2021-03-04 00:42:37,1101,-0.81843567,5.3467865,7.8477173
2021-03-04 00:42:37,1111,-0.8794861,5.3791046,7.909958
2021-03-04 00:42:37,1122,-0.85913086,5.344391,7.8932037
2021-03-04 00:42:37,1131,-0.84835815,5.3611603,7.8644714
2021-03-04 00:42:37,1141,-0.76934814,5.368332,7.7938385
2021-03-04 00:42:37,1151,-0.77293396,5.3695374,7.744766
2021-03-04 00:42:37,1162,-0.7932892,5.3419952,7.736374
2021-03-04 00:42:37,1172,-0.79808044,5.3432007,7.748352
2021-03-04 00:42:37,1181,-0.8292084,5.357559,7.784256
2021-03-04 00:42:37,1191,-0.86990356,5.368332,7.784256
2021-03-04 00:42:37,1202,-0.8423767,5.359955,7.760315
2021-03-04 00:42:37,1212,-0.8244171,5.3659363,7.77948
2021-03-04 00:42:37,1221,-0.8220215,5.3455963,7.7627106
2021-03-04 00:42:37,1232,-0.80166626,5.3671417,7.7591248
2021-03-04 00:42:37,1242,-0.7681427,5.3707275,7.8141937
2021-03-04 00:42:37,1251,-0.79927063,5.333618,7.820175
2021-03-04 00:42:37,1262,-0.80526733,5.3312225,7.835739
2021-03-04 00:42:37,1271,-1.3547363,5.359955,7.796234
2021-03-04 00:42:37,1282,-0.83758545,5.3659363,7.8608704
2021-03-04 00:42:37,1291,-0.9022217,5.3539734,7.9722137
2021-03-04 00:42:37,1301,-0.87709045,5.3503876,8.048828
2021-03-04 00:42:37,1312,-0.83758545,5.340805,8.066772
2021-03-04 00:42:37,1321,-0.8567352,5.3432007,8.082336
2021-03-04 00:42:37,1332,-0.80526733,5.3551636,7.981781
2021-03-04 00:42:37,1342,-0.7753296,5.3587646,7.8955994
2021-03-04 00:42:37,1351,-0.77293396,5.3539734,7.834549
2021-03-04 00:42:37,1362,-0.78131104,5.3671417,7.744766
2021-03-04 00:42:37,1371,-0.8746948,5.359955,7.725601
2021-03-04 00:42:37,1381,-0.86990356,5.333618,7.7663116
2021-03-04 00:42:37,1392,-0.8794861,5.364746,7.8094025
2021-03-04 00:42:37,1402,-0.86990356,5.3432007,7.803421
2021-03-04 00:42:37,1411,-0.81243896,5.363556,7.7303925
2021-03-04 00:42:37,1421,-0.8256073,5.3455963,7.710037
2021-03-04 00:42:37,1432,-0.8459625,5.375519,7.7220154
2021-03-04 00:42:37,1441,-0.82321167,5.3707275,7.744766
2021-03-04 00:42:37,1452,-0.80526733,5.371933,7.7818756
2021-03-04 00:42:37,1461,-0.80526733,5.332428,7.842926
2021-03-04 00:42:37,1471,-0.84835815,5.332428,7.87883
2021-03-04 00:42:37,1482,-0.8471527,5.3467865,7.85849
2021-03-04 00:42:37,1493,-0.81243896,5.3623505,7.9087677
2021-03-04 00:42:37,1501,-0.8220215,5.375519,7.883621
2021-03-04 00:42:37,1512,-0.8447571,5.3515778,7.890808
2021-03-04 00:42:37,1522,-0.86750793,5.397064,7.901581
2021-03-04 00:42:37,1531,-0.84954834,5.364746,7.941086
2021-03-04 00:42:37,1541,-0.83158875,5.357559,7.962631
2021-03-04 00:42:37,1552,-0.8435669,5.349182,7.9075623
2021-03-04 00:42:37,1561,-0.8004761,5.3515778,7.8321533
2021-03-04 00:42:37,1571,-0.8004761,5.3395996,7.796234
2021-03-04 00:42:37,1582,-0.8292084,5.3659363,7.7351837
2021-03-04 00:42:37,1591,-0.8507538,5.3791046,7.743561
2021-03-04 00:42:37,1602,-0.8459625,5.4018555,7.820175
2021-03-04 00:42:37,1611,-0.81604004,5.373123,7.8321533
2021-03-04 00:42:37,1622,-0.80166626,5.4006653,7.835739
2021-03-04 00:42:37,1631,-0.78730774,5.38031,7.866867
2021-03-04 00:42:37,1642,-0.77653503,5.3791046,7.820175
2021-03-04 00:42:37,1651,-0.7753296,5.3515778,7.7854614
2021-03-04 00:42:37,1662,-0.7825165,5.352768,7.862076
2021-03-04 00:42:37,1672,-0.7932892,5.3264465,7.827362
2021-03-04 00:42:37,1681,-0.8244171,5.2989044,7.7698975
2021-03-04 00:42:37,1692,-0.7884979,5.3419952,7.783066
2021-03-04 00:42:37,1701,-0.8722992,5.373123,7.732788
2021-03-04 00:42:37,1712,-0.9632721,5.373123,7.772293
2021-03-04 00:42:37,1721,-0.9417267,5.4401703,7.930313
2021-03-04 00:42:37,1732,-0.9596863,5.403061,7.901581
2021-03-04 00:42:37,1741,-0.9632721,5.4257965,7.945877
2021-03-04 00:42:37,1752,-0.9369354,5.452133,7.886017
2021-03-04 00:42:37,1761,-0.9417267,5.4736786,7.870453
2021-03-04 00:42:37,1771,-0.9297638,5.450943,7.8489075
2021-03-04 00:42:37,1781,-0.8830719,5.45932,7.791443
2021-03-04 00:42:37,1792,-0.83758545,5.4617157,7.820175
2021-03-04 00:42:38,1802,-0.8351898,5.419815,7.8896027
2021-03-04 00:42:38,1811,-0.8280029,5.3815002,7.8884125
2021-03-04 00:42:38,1822,-0.80166626,5.4006653,7.909958
2021-03-04 00:42:38,1831,-1.3236084,5.462906,7.8249664
2021-03-04 00:42:38,1842,-1.3104401,5.491638,7.6501923
2021-03-04 00:42:38,1852,-1.2649536,5.502411,7.5233
2021-03-04 00:42:38,1861,-1.5929565,5.6005707,7.4035797
2021-03-04 00:42:38,1871,-1.6731567,5.653244,7.4418945
2021-03-04 00:42:38,1881,-1.1057281,5.6700134,7.3832397
2021-03-04 00:42:38,1892,-1.3212128,5.4413605,7.4885864
2021-03-04 00:42:38,1902,-0.16481018,4.6464844,8.028473
2021-03-04 00:42:38,1911,-2.2238312,4.6776123,8.417526
2021-03-04 00:42:38,1921,-1.859909,5.397064,8.558792
2021-03-04 00:42:38,1931,-0.9692688,5.0702667,10.080307
2021-03-04 00:42:38,1941,-0.24501038,4.72789,10.290985
2021-03-04 00:42:38,1952,0.425354,4.705139,10.0551605
2021-03-04 00:42:38,1962,1.6811218,4.782959,9.785812
2021-03-04 00:42:38,1971,1.2525635,4.9385834,9.093887
2021-03-04 00:42:38,1982,0.68992615,5.1636353,9.037628
2021-03-04 00:42:38,1991,0.08418274,5.3767242,8.656952
2021-03-04 00:42:38,2002,-0.19833374,5.5802307,8.166138
2021-03-04 00:42:38,2012,-0.25698853,5.804077,7.4777985
2021-03-04 00:42:38,2021,0.092559814,6.0315247,6.7511597
2021-03-04 00:42:38,2032,-0.039108276,6.044693,5.9167786
2021-03-04 00:42:38,2041,-0.013977051,5.917801,5.2871094
2021-03-04 00:42:38,2052,0.425354,5.9549103,4.890869
2021-03-04 00:42:38,2062,0.16200256,6.206314,4.862137
2021-03-04 00:42:38,2071,0.1979065,6.4217834,5.317032
2021-03-04 00:42:38,2082,0.22903442,6.427765,5.791092
2021-03-04 00:42:38,2091,0.18833923,6.1799774,6.2759094
2021-03-04 00:42:38,2102,0.2374115,5.807678,6.881653
2021-03-04 00:42:38,2112,0.69111633,5.4246063,7.3904114
2021-03-04 00:42:38,2122,0.65519714,5.2761536,7.664551
2021-03-04 00:42:38,2132,0.38824463,5.436569,7.4969635
2021-03-04 00:42:38,2142,-0.67237854,5.594589,7.8848267
2021-03-04 00:42:38,2151,-0.046295166,5.5287476,7.862076
2021-03-04 00:42:38,2162,-0.084609985,5.3946686,8.107483
2021-03-04 00:42:38,2171,-0.009185791,5.359955,8.67131
2021-03-04 00:42:38,2182,0.13446045,5.166031,9.072342
2021-03-04 00:42:38,2191,-0.024749756,4.881119,9.353668
2021-03-04 00:42:38,2202,0.25297546,4.6859894,9.831299
2021-03-04 00:42:38,2211,2.4831696,4.308899,10.215576
2021-03-04 00:42:38,2222,4.476349,3.831253,10.457382
2021-03-04 00:42:38,2232,4.483536,3.3811493,9.199234
2021-03-04 00:42:38,2241,4.187851,3.2362976,8.773071
2021-03-04 00:42:38,2252,3.1535492,3.399109,7.8536987
2021-03-04 00:42:38,2261,1.8738556,3.755844,7.483795
2021-03-04 00:42:38,2272,0.3271942,4.147293,7.1653595
2021-03-04 00:42:38,2281,-0.18276978,4.1018066,6.6721497
2021-03-04 00:42:38,2292,-1.2948761,4.3927,5.82341
2021-03-04 00:42:38,2302,-1.8778687,4.8368225,6.532089
2021-03-04 00:42:38,2311,-2.8032227,5.5431213,7.4490814
2021-03-04 00:42:38,2322,-3.1455994,5.905838,7.5843506
2021-03-04 00:42:38,2332,-3.413742,6.510376,8.502518
2021-03-04 00:42:38,2341,-3.3862152,7.3674927,9.545197
2021-03-04 00:42:38,2351,-2.8858185,7.6164856,9.608643
2021-03-04 00:42:38,2362,-1.8048401,7.4093933,9.508087
2021-03-04 00:42:38,2371,-1.6564026,6.6384583,9.530838
2021-03-04 00:42:38,2381,-1.1596069,5.594589,9.344086
2021-03-04 00:42:38,2392,-0.8794861,4.8368225,9.742722
2021-03-04 00:42:38,2401,-0.4712677,4.597412,9.904327
2021-03-04 00:42:38,2412,-0.9237671,4.190384,10.137756
2021-03-04 00:42:38,2421,-2.0550385,4.5722656,10.40831
2021-03-04 00:42:38,2432,-2.7673035,4.8883057,9.785812
2021-03-04 00:42:38,2441,-1.7294159,4.8571777,10.742294
2021-03-04 00:42:38,2452,-0.717865,4.3627777,11.199585
2021-03-04 00:42:38,2461,-0.3347931,4.7015533,10.607025
2021-03-04 00:42:38,2471,0.12010193,5.509598,10.663284
2021-03-04 00:42:38,2482,0.116500854,5.926193,10.8177185
2021-03-04 00:42:38,2491,0.08299255,6.044693,10.765045
2021-03-04 00:42:38,2502,0.35353088,6.3906555,10.419083
2021-03-04 00:42:38,2511,1.2597351,6.7892914,9.466187
2021-03-04 00:42:38,2521,1.7577362,7.131668,9.121429
2021-03-04 00:42:38,2532,1.7349854,7.322006,9.278244
2021-03-04 00:42:38,2541,1.831955,7.569809,8.725189
2021-03-04 00:42:38,2551,0.99757385,7.866684,8.666534
2021-03-04 00:42:38,2561,1.3207855,8.047455,8.401962
2021-03-04 00:42:38,2572,2.848297,6.515167,9.826523
2021-03-04 00:42:38,2581,1.8379364,6.5809937,8.955032
2021-03-04 00:42:38,2591,0.5546417,7.5925446,8.62822
2021-03-04 00:42:38,2602,-0.6843567,8.909363,8.113464
2021-03-04 00:42:38,2611,-1.3487396,9.902954,7.5807495
2021-03-04 00:42:38,2621,-2.0131378,10.579315,6.6721497
2021-03-04 00:42:38,2632,1.053833,7.511154,7.7782745
2021-03-04 00:42:38,2641,0.5941467,7.1987,6.198105
2021-03-04 00:42:38,2652,0.49119568,7.557831,5.4463196
2021-03-04 00:42:38,2661,-0.78131104,7.1891327,5.265564
2021-03-04 00:42:38,2672,-1.0805969,8.192291,4.4419556
2021-03-04 00:42:38,2681,-0.1851654,8.397003,4.831009
2021-03-04 00:42:38,2691,-2.278885,8.066605,3.3585815
2021-03-04 00:42:38,2702,-1.6994934,7.412979,3.9655151
2021-03-04 00:42:38,2711,-2.117279,8.698669,3.2352753
2021-03-04 00:42:38,2721,-1.6408386,8.58136,4.973465
2021-03-04 00:42:38,2732,-2.4273376,7.8678894,2.9790955
2021-03-04 00:42:38,2741,-2.512329,7.9744263,2.715744
2021-03-04 00:42:38,2751,-2.0825653,7.605713,4.1055756
2021-03-04 00:42:38,2762,-2.6954803,7.377075,4.4335785
2021-03-04 00:42:38,2771,-4.8071747,8.430527,5.174591
2021-03-04 00:42:38,2782,-5.963562,8.229416,7.628647
2021-03-04 00:42:38,2791,-5.879776,7.339966,8.738358
2021-03-04 00:42:39,2802,-5.733719,6.78331,7.9925537
2021-03-04 00:42:39,2813,-6.4424133,5.8878784,7.4933624
2021-03-04 00:42:39,2821,-7.9938507,4.9194183,6.4734344
2021-03-04 00:42:39,2832,-9.747604,3.9378052,5.1602173
2021-03-04 00:42:39,2841,-11.74556,2.1684875,3.201767
2021-03-04 00:42:39,2851,-12.917526,-0.7847595,-0.007659912
2021-03-04 00:42:39,2861,-13.845276,-5.9119415,-5.631653
2021-03-04 00:42:39,2872,-18.130905,-12.767746,-12.894455
2021-03-04 00:42:39,2882,-24.898117,-22.56482,-19.710754
2021-03-04 00:42:39,2891,-37.0858,-30.581802,-32.359314
2021-03-04 00:42:39,2901,40.27684,-34.58011,-39.423416
2021-03-04 00:42:39,2912,40.300797,-32.481598,-39.391083
2021-03-04 00:42:39,2921,40.29959,-29.819244,-39.423416
2021-03-04 00:42:39,2931,40.300797,-28.309708,-39.423416
2021-03-04 00:42:39,2942,-33.68843,-34.568146,-18.07312
2021-03-04 00:42:39,2951,-34.76581,-38.08882,-10.797134
2021-03-04 00:42:39,2961,-34.035583,-39.19374,6.696106
2021-03-04 00:42:39,2972,-6.2209473,-39.19374,15.697098
2021-03-04 00:42:39,2981,11.954636,-39.19255,9.712799
2021-03-04 00:42:39,2992,39.68907,-39.19374,-12.619125
2021-03-04 00:42:39,3001,39.869827,-39.19374,-35.486145
2021-03-04 00:42:39,3011,39.68907,-36.775604,-39.423416
2021-03-04 00:42:39,3022,39.68907,30.411682,-39.03195
2021-03-04 00:42:39,3031,39.68907,30.764832,-22.409012
2021-03-04 00:42:39,3041,39.68907,22.5587,39.028595
2021-03-04 00:42:39,3052,39.68907,-39.19374,31.47728
2021-03-04 00:42:39,3061,37.156006,-39.19374,12.308105
2021-03-04 00:42:39,3071,24.03099,-35.592865,-10.284775
2021-03-04 00:42:39,3082,25.614761,-31.75975,-10.993454
2021-03-04 00:42:39,3091,26.649048,-28.881912,-11.503418
2021-03-04 00:42:39,3101,12.713593,-23.86966,-17.16452
2021-03-04 00:42:39,3112,-5.9372253,-15.851471,-23.543869
2021-03-04 00:42:39,3121,-12.198074,-13.231018,-27.353043
2021-03-04 00:42:39,3131,-20.379059,-10.378326,-29.046936
2021-03-04 00:42:39,3142,-28.163803,-3.4854279,-19.269012
2021-03-04 00:42:39,3151,-26.083237,1.2191925,-13.199722
2021-03-04 00:42:39,3162,-20.801636,7.0885773,-8.957199
2021-03-04 00:42:39,3171,-18.691147,10.171112,-7.8809967
2021-03-04 00:42:39,3181,-13.121033,16.871277,-9.559326
2021-03-04 00:42:39,3192,-11.125473,18.561584,-13.253586
2021-03-04 00:42:39,3201,-9.991806,17.95465,-16.4702
2021-03-04 00:42:39,3211,-11.017731,16.48581,-17.95819
2021-03-04 00:42:39,3222,-12.487762,14.048523,-17.619415
2021-03-04 00:42:39,3231,-14.836472,11.496292,-15.437103
2021-03-04 00:42:39,3242,-15.704376,10.406937,-14.077194
2021-03-04 00:42:39,3251,-17.65924,9.045837,-9.96994
2021-03-04 00:42:39,3262,-17.432983,9.783249,-7.2860413
2021-03-04 00:42:39,3271,-13.870422,11.175476,-6.5797424
2021-03-04 00:42:39,3282,-11.731201,11.920074,-6.7808685
2021-03-04 00:42:39,3291,-5.433258,13.420044,-7.011902
2021-03-04 00:42:39,3302,-3.1779175,14.049713,-6.020706
2021-03-04 00:42:39,3311,-1.543869,13.736069,-4.2358246
2021-03-04 00:42:39,3321,-1.112915,13.429611,-3.146469
2021-03-04 00:42:39,3332,-3.1240387,12.165482,0.35864258
2021-03-04 00:42:39,3341,-4.5964813,11.452011,2.360199
2021-03-04 00:42:39,3352,-4.5258484,11.047379,3.4483643
2021-03-04 00:42:39,3361,-3.8327332,10.424896,4.905243
2021-03-04 00:42:39,3371,-3.4484558,9.955627,5.194931
2021-03-04 00:42:39,3382,-3.374237,9.930496,4.1773987
2021-03-04 00:42:39,3391,-3.44487,9.758102,2.6439056
2021-03-04 00:42:39,3401,-2.9684143,10.009491,0.6974335
2021-03-04 00:42:39,3412,-2.7936401,10.220184,-1.3603973
2021-03-04 00:42:39,3421,-2.5925293,10.18428,-2.6041718
2021-03-04 00:42:39,3431,-2.4812012,9.916122,-2.6700134
2021-03-04 00:42:39,3442,-3.1419983,9.695862,-2.0379486
2021-03-04 00:42:39,3451,-3.3059998,9.21463,-1.283783
2021-03-04 00:42:39,3461,-3.9057465,9.181107,-0.9461975
2021-03-04 00:42:39,3472,-4.1308136,8.9596405,-0.6145935
2021-03-04 00:42:39,3481,-3.1180573,8.5885315,-0.4481964
2021-03-04 00:42:39,3491,-2.7050629,8.462845,-0.23391724
2021-03-04 00:42:39,3502,-2.8175812,8.528687,-0.34524536
2021-03-04 00:42:39,3511,-2.6966858,8.4652405,-0.92344666
2021-03-04 00:42:39,3521,-2.9444733,8.255737,-1.2873688
2021-03-04 00:42:39,3532,-3.820755,8.222229,-1.2478638
2021-03-04 00:42:39,3541,-4.0781403,8.059418,-0.98809814
2021-03-04 00:42:39,3552,-3.9105377,8.022308,-0.8384552
2021-03-04 00:42:39,3561,-3.9584198,7.954071,-0.7690277
2021-03-04 00:42:39,3572,-4.1068573,8.053436,-0.71635437
2021-03-04 00:42:39,3581,-4.1308136,8.110901,-0.8073273
2021-03-04 00:42:39,3591,-4.112854,8.131241,-1.0036469
2021-03-04 00:42:39,3602,-3.5310516,8.32518,-1.2957458
2021-03-04 00:42:39,3611,-4.0709534,8.365875,-1.754242
2021-03-04 00:42:39,3622,-4.066162,8.357498,-1.723114
2021-03-04 00:42:39,3631,-4.0781403,8.285675,-1.1018219
2021-03-04 00:42:39,3641,-3.963211,8.145615,-0.40270996
2021-03-04 00:42:39,3651,-4.437271,8.07019,-0.051956177
2021-03-04 00:42:39,3662,-4.394165,8.096527,0.041412354
2021-03-04 00:42:39,3672,-4.0086975,8.213852,-0.09744263
2021-03-04 00:42:39,3681,-3.9572296,8.260529,-0.12498474
2021-03-04 00:42:39,3691,-4.416916,8.236588,-0.0064697266
2021-03-04 00:42:39,3702,-4.200241,8.18631,0.2305603
2021-03-04 00:42:39,3712,-4.7401276,8.254547,0.35266113
2021-03-04 00:42:39,3722,-4.212204,8.347916,0.38378906
2021-03-04 00:42:39,3731,-3.9680023,8.460449,0.23535156
2021-03-04 00:42:39,3741,-3.5957031,8.608887,-0.012451172
2021-03-04 00:42:39,3751,-3.6399994,8.534668,-0.0064697266
2021-03-04 00:42:39,3762,-3.7142181,8.5837555,0.14796448
2021-03-04 00:42:39,3771,-3.3239594,8.7022705,0.44363403
2021-03-04 00:42:39,3782,-3.1827087,8.881836,-0.129776
2021-03-04 00:42:39,3791,-2.7014618,8.966827,-0.3368683
2021-03-04 00:42:40,3801,-3.3467102,9.401367,-1.1772308
2021-03-04 00:42:40,3812,-3.1575623,9.211029,-1.283783
2021-03-04 00:42:40,3821,-2.6080933,9.366653,-1.1844177
2021-03-04 00:42:40,3831,-3.025879,9.305603,-1.1544952
2021-03-04 00:42:40,3842,-3.5095062,9.185898,-1.0970306
2021-03-04 00:42:40,3852,-3.0282745,9.200256,-0.6756439
2021-03-04 00:42:40,3861,-2.7038574,9.359467,-0.6732483
2021-03-04 00:42:40,3871,-2.3052216,9.396576,-1.13414
2021-03-04 00:42:40,3882,-2.5374603,9.318771,-1.1664581
2021-03-04 00:42:40,3891,-2.8271637,9.111679,-0.91625977
2021-03-04 00:42:40,3901,-3.5131073,8.924927,-0.7307129
2021-03-04 00:42:40,3912,-4.0913086,8.610092,-0.55952454
2021-03-04 00:42:40,3921,-3.8614655,8.540649,-0.5463562
2021-03-04 00:42:40,3932,-4.607254,8.417358,-0.38235474
2021-03-04 00:42:40,3941,-4.2541046,8.5215,-0.0435791
2021-03-04 00:42:40,3952,-3.8327332,8.723816,0.13717651
2021-03-04 00:42:40,3961,-3.9249115,8.832748,0.028244019
2021-03-04 00:42:40,3972,-4.485153,9.400177,-1.4585571
2021-03-04 00:42:40,3981,-5.291992,9.644379,-1.8631744
2021-03-04 00:42:40,3991,-7.125946,9.837112,-1.3951111
2021-03-04 00:42:40,4002,-7.6047974,9.864655,-1.0431519
2021-03-04 00:42:40,4011,-10.251587,9.972382,-0.14653015
2021-03-04 00:42:40,4021,-10.953079,10.251312,0.36582947
2021-03-04 00:42:40,4032,-12.056808,10.299194,0.77523804
2021-03-04 00:42:40,4041,-13.022873,9.795212,1.8622131
2021-03-04 00:42:40,4052,-15.296173,9.450455,3.2975311
2021-03-04 00:42:40,4061,-17.339615,9.458832,3.8613586
2021-03-04 00:42:40,4072,-19.164001,8.551422,3.6997528
2021-03-04 00:42:40,4081,-21.880219,6.7809143,2.4200592
2021-03-04 00:42:40,4092,-23.78601,5.1923676,-1.9349976
2021-03-04 00:42:40,4101,-26.656647,2.9477997,-9.724533
2021-03-04 00:42:40,4112,-31.127823,0.7654877,-20.850388
2021-03-04 00:42:40,4121,-35.154877,0.12384033,-27.866592
2021-03-04 00:42:40,4132,40.244522,-2.291916,-39.423416
2021-03-04 00:42:40,4141,40.300797,-6.0771484,-39.423416
2021-03-04 00:42:40,4152,40.300797,-12.118912,-29.613174
2021-03-04 00:42:40,4161,40.300797,-21.785507,-6.2864532
2021-03-04 00:42:40,4171,40.300797,-31.211472,17.2641
2021-03-04 00:42:40,4182,-38.029114,-39.19374,33.040695
2021-03-04 00:42:40,4191,-16.51242,-39.144653,29.54277
2021-03-04 00:42:40,4202,13.386368,-39.19374,0.6279907
2021-03-04 00:42:40,4211,39.68907,-39.19374,-28.599228
2021-03-04 00:42:40,4222,39.899765,-39.19374,-39.394684
2021-03-04 00:42:40,4231,39.68907,-39.19374,-39.35518
2021-03-04 00:42:40,4241,39.68907,-8.439026,-39.423416
2021-03-04 00:42:40,4252,39.68907,24.45372,-39.423416
2021-03-04 00:42:40,4261,39.68907,22.857986,-35.890762
2021-03-04 00:42:40,4272,39.68907,10.110062,23.862518
2021-03-04 00:42:40,4281,39.68907,-19.390106,15.165588
2021-03-04 00:42:40,4292,30.164932,-36.031006,-3.52594
2021-03-04 00:42:40,4301,17.322433,-35.35942,-9.123596
2021-03-04 00:42:40,4312,14.162094,-28.325256,-13.636658
2021-03-04 00:42:40,4321,11.019699,-27.35202,-17.710388
2021-03-04 00:42:40,4332,7.449951,-26.217163,-17.120224
2021-03-04 00:42:40,4341,1.7409668,-20.784729,-13.148239
2021-03-04 00:42:40,4352,-1.2350159,-17.138351,-10.22612
2021-03-04 00:42:40,4361,-7.434799,-13.335159,-7.77446
2021-03-04 00:42:40,4372,-13.754303,-9.225525,-5.651993
2021-03-04 00:42:40,4381,-18.831207,-5.0572205,-4.944504
2021-03-04 00:42:40,4392,-22.28244,-0.45196533,-4.7972717
2021-03-04 00:42:40,4401,-24.977127,3.886322,-4.561432
2021-03-04 00:42:40,4412,-26.597992,8.243774,-2.3970795
2021-03-04 00:42:40,4421,-25.627151,11.709381,-0.17765808
2021-03-04 00:42:40,4432,-24.049362,14.246033,0.5082855
2021-03-04 00:42:40,4441,-21.044647,14.9726715,-1.2873688
2021-03-04 00:42:40,4452,-18.260193,14.583618,-4.537491
2021-03-04 00:42:40,4461,-16.199982,13.75882,-6.8083954
2021-03-04 00:42:40,4471,-15.163284,12.538971,-7.6786957
2021-03-04 00:42:40,4483,-14.698807,11.177872,-7.956421
2021-03-04 00:42:40,4491,-16.051529,9.864655,-9.467163
2021-03-04 00:42:40,4501,-17.381516,8.985977,-11.272385
2021-03-04 00:42:40,4511,-18.421799,8.606491,-11.953537
2021-03-04 00:42:40,4522,-16.278992,8.924927,-10.338654
2021-03-04 00:42:40,4531,-14.841263,9.183502,-9.47554
2021-03-04 00:42:40,4541,-10.704086,9.63002,-7.75531
2021-03-04 00:42:40,4551,-7.3917084,9.822754,-6.2505493
2021-03-04 00:42:40,4562,-5.3015747,9.90416,-4.8319855
2021-03-04 00:42:40,4572,-4.3917694,10.186676,-3.339203
2021-03-04 00:42:40,4581,-3.295227,10.3004,-2.0415344
2021-03-04 00:42:40,4591,-2.3507233,10.153152,-1.2203217
2021-03-04 00:42:40,4601,-2.5889435,10.156738,-0.7558594
2021-03-04 00:42:40,4612,-2.1053162,9.913727,-0.70558167
2021-03-04 00:42:40,4621,-1.8072357,9.697052,-1.0383759
2021-03-04 00:42:40,4632,-1.8730774,9.591705,-1.3184967
2021-03-04 00:42:40,4641,-2.5661926,9.595306,-2.1516724
2021-03-04 00:42:40,4651,-2.8834229,9.419327,-2.790924
2021-03-04 00:42:40,4662,-2.0514374,9.223007,-2.7705688
2021-03-04 00:42:40,4671,-2.1340485,9.018295,-2.415039
2021-03-04 00:42:40,4681,-2.579361,8.91655,-1.936203
2021-03-04 00:42:40,4692,-2.460846,8.835144,-1.6764221
2021-03-04 00:42:40,4701,-2.7517395,8.611282,-1.4753113
2021-03-04 00:42:40,4712,-2.974411,8.559814,-2.1983643
2021-03-04 00:42:40,4722,-3.262909,8.430527,-2.6999512
2021-03-04 00:42:40,4731,-3.6771088,8.385025,-2.8711243
2021-03-04 00:42:40,4741,-3.8614655,8.321579,-3.122528
2021-03-04 00:42:40,4752,-4.1822815,8.270111,-2.7801514
2021-03-04 00:42:40,4761,-4.153549,8.337143,-2.265396
2021-03-04 00:42:40,4771,-4.373825,8.435303,-1.9146423
2021-03-04 00:42:40,4781,-3.9045563,8.452072,-1.8296509
2021-03-04 00:42:40,4792,-3.6735077,8.501144,-1.8152924
2021-03-04 00:42:41,4801,-3.7992096,8.48439,-1.8535919
2021-03-04 00:42:41,4811,-3.2485504,8.413757,-1.7410736
2021-03-04 00:42:41,4822,-3.7429504,8.315598,-1.7087402
2021-03-04 00:42:41,4831,-4.09729,8.07019,-1.9326019
2021-03-04 00:42:41,4842,-3.8626556,7.859497,-2.0846405
2021-03-04 00:42:41,4851,-4.35466,7.6954956,-2.1828003
2021-03-04 00:42:41,4861,-4.1870728,7.530304,-2.533554
2021-03-04 00:42:41,4872,-4.607254,7.360306,-2.7167053
2021-03-04 00:42:41,4881,-4.519867,7.171173,-2.624527
2021-03-04 00:42:41,4892,-4.500717,7.004776,-2.569458
2021-03-04 00:42:41,4901,-4.461212,6.748596,-2.411438
2021-03-04 00:42:41,4911,-4.468384,6.582199,-2.2677917
2021-03-04 00:42:41,4921,-5.0202484,6.530716,-1.7219086
2021-03-04 00:42:41,4931,-4.6443634,6.637268,-0.4769287
2021-03-04 00:42:41,4942,-3.8973694,6.865906,-0.025619507
2021-03-04 00:42:41,4951,-3.9979248,7.0263214,-0.037597656
2021-03-04 00:42:41,4962,-4.006302,7.138855,0.030639648
2021-03-04 00:42:41,4971,-4.112854,7.3663025,0.42089844
2021-03-04 00:42:41,4982,-4.1236267,7.4860077,0.845871
2021-03-04 00:42:41,4991,-3.7537231,7.442917,1.65271
2021-03-04 00:42:41,5001,-3.7680817,7.4644623,2.4200592
2021-03-04 00:42:41,5012,-3.4149475,7.245392,3.2831573
2021-03-04 00:42:41,5021,-3.180313,7.023926,3.8948822
2021-03-04 00:42:41,5032,-2.5506287,7.219055,4.602371
2021-03-04 00:42:41,5041,-1.9700317,7.471649,5.4379425
2021-03-04 00:42:41,5052,-1.5869598,7.569809,5.8258057
2021-03-04 00:42:41,5061,-0.9489136,7.618881,6.040085
2021-03-04 00:42:41,5071,-0.5478821,7.724228,6.1454315
2021-03-04 00:42:41,5082,-0.9764404,7.8164062,6.0305176
2021-03-04 00:42:41,5091,-0.8938446,7.803238,5.909607
2021-03-04 00:42:41,5101,-0.91659546,7.6631775,5.640259
2021-03-04 00:42:41,5111,-0.8280029,7.7182465,5.4020386
2021-03-04 00:42:41,5122,-1.0590515,7.945694,5.368515
2021-03-04 00:42:41,5131,-0.39944458,7.962448,5.2631683
2021-03-04 00:42:41,5142,0.0075683594,7.918167,5.127899
2021-03-04 00:42:41,5151,0.039886475,7.9995728,5.0273438
2021-03-04 00:42:41,5162,-0.37550354,8.140823,4.6191254
2021-03-04 00:42:41,5171,-0.34318542,8.083359,4.4563293
2021-03-04 00:42:41,5181,0.06982422,7.9157715,4.6897583
2021-03-04 00:42:41,5191,0.40859985,7.624878,5.075226
2021-03-04 00:42:41,5202,-0.4090271,7.155609,5.380478
2021-03-04 00:42:41,5211,-0.62210083,7.004776,5.569626
2021-03-04 00:42:41,5222,-0.44613647,7.4895935,6.199295
2021-03-04 00:42:41,5231,-0.20191956,7.3231964,7.079178
2021-03-04 00:42:41,5241,-0.75138855,7.1053314,7.451477
2021-03-04 00:42:41,5252,0.2039032,7.0550537,7.8536987
2021-03-04 00:42:41,5261,1.2549438,6.9556885,8.324158
2021-03-04 00:42:41,5272,1.6559753,6.924576,9.053192
2021-03-04 00:42:41,5282,1.1795349,6.903015,9.079529
2021-03-04 00:42:41,5292,1.3794556,6.5869904,9.3428955
2021-03-04 00:42:41,5301,2.238968,6.6600037,10.429855
2021-03-04 00:42:41,5311,2.2222137,7.138855,9.527237
2021-03-04 00:42:41,5322,1.112503,7.140045,8.360062
2021-03-04 00:42:41,5331,0.99876404,7.8164062,7.262329
2021-03-04 00:42:41,5342,0.48880005,7.3663025,7.431122
2021-03-04 00:42:41,5351,-0.13009644,7.4069977,7.0660095
2021-03-04 00:42:41,5361,0.08657837,7.537491,6.981003
2021-03-04 00:42:41,5371,0.10812378,7.4776306,6.788269
2021-03-04 00:42:41,5382,-2.2333984,7.2118683,7.710037
2021-03-04 00:42:41,5391,-2.2681122,7.3902435,7.0265045
2021-03-04 00:42:41,5401,-0.6520386,6.9078064,7.0109406
2021-03-04 00:42:41,5412,-2.409378,7.250183,6.94989
2021-03-04 00:42:41,5421,-2.2070618,7.3507385,7.1497955
2021-03-04 00:42:41,5432,-1.341568,6.839569,8.023682
2021-03-04 00:42:41,5442,-0.9991913,7.090973,7.2766876
2021-03-04 00:42:41,5451,-1.677948,8.690292,6.368088
2021-03-04 00:42:41,5462,-1.0171509,8.10611,7.0947266
2021-03-04 00:42:41,5471,-1.088974,7.3303833,7.558014
2021-03-04 00:42:41,5481,-1.662384,6.7785187,7.4191437
2021-03-04 00:42:41,5492,-0.9046173,6.845566,8.070374
2021-03-04 00:42:41,5502,-0.6364746,7.8451385,7.897995
2021-03-04 00:42:41,5516,-0.9524994,8.295242,7.372467
2021-03-04 00:42:41,5522,-0.9524994,8.295242,7.372467
2021-03-04 00:42:41,5532,-1.3044586,7.04068,8.846085
2021-03-04 00:42:41,5541,-1.2637482,6.4924164,9.230362
2021-03-04 00:42:41,5551,-0.5083771,6.736618,7.8165894
2021-03-04 00:42:41,5562,-0.45451355,6.0865936,7.645401
2021-03-04 00:42:41,5571,-0.3802948,5.756195,7.4885864
2021-03-04 00:42:41,5581,0.05784607,5.4401703,7.6406097
2021-03-04 00:42:41,5592,0.29129028,5.1456757,7.8129883
2021-03-04 00:42:41,5601,0.69470215,5.0810394,7.811798
2021-03-04 00:42:41,5611,1.0418701,5.016388,7.5233
2021-03-04 00:42:41,5621,0.9018097,4.9110413,7.525696
2021-03-04 00:42:41,5631,1.3363495,4.475296,7.5292816
2021-03-04 00:42:41,5642,1.2752991,4.2119446,7.597519
2021-03-04 00:42:41,5651,1.1759491,4.012024,7.534073
2021-03-04 00:42:41,5661,1.6571808,4.001251,7.518509
2021-03-04 00:42:41,5671,1.0825653,3.99646,7.6753235
2021-03-04 00:42:41,5682,1.2046661,4.161667,7.8010254
2021-03-04 00:42:41,5691,1.2106628,4.3077087,7.8297577
2021-03-04 00:42:41,5702,1.156784,4.4932556,7.8417206
2021-03-04 00:42:41,5711,1.2860718,4.4333954,7.8800354
2021-03-04 00:42:41,5722,1.029892,4.8009186,7.8716583
2021-03-04 00:42:41,5731,0.5319061,5.328827,7.8249664
2021-03-04 00:42:41,5741,0.1859436,5.6029663,7.7196198
2021-03-04 00:42:41,5752,0.29248047,5.392273,7.6896973
2021-03-04 00:42:41,5761,0.28649902,5.6556396,7.6118774
2021-03-04 00:42:41,5771,0.23980713,5.7023315,7.428726
2021-03-04 00:42:41,5782,0.7210388,5.790909,7.2611237
2021-03-04 00:42:41,5792,0.796463,5.8052826,6.9989624
2021-03-04 00:42:42,5801,1.8870239,5.63649,6.842148
2021-03-04 00:42:42,5812,1.1077118,5.7430267,7.1641693
2021-03-04 00:42:42,5821,0.7186432,6.343979,7.6406097
2021-03-04 00:42:42,5832,-0.35635376,6.8838654,7.899185
2021-03-04 00:42:42,5842,-0.99679565,7.1412506,7.862076
2021-03-04 00:42:42,5851,-1.3451538,7.4644623,7.87764
2021-03-04 00:42:42,5862,-0.78370667,7.67276,7.771103
2021-03-04 00:42:42,5871,-0.5502777,7.300461,7.559204
2021-03-04 00:42:42,5882,-0.2940979,6.906616,7.312607
2021-03-04 00:42:42,5891,0.009963989,6.790497,7.2192383
2021-03-04 00:42:42,5901,0.460083,6.6420593,7.1007233
2021-03-04 00:42:42,5912,-0.07861328,6.6468353,7.0552216
2021-03-04 00:42:42,5921,0.06503296,6.637268,7.009735
2021-03-04 00:42:42,5931,-0.37908936,6.637268,6.8852386
2021-03-04 00:42:42,5942,-0.2617798,6.592972,6.815811
2021-03-04 00:42:42,5951,-0.207901,6.5678253,6.8337708
2021-03-04 00:42:42,5962,-0.20910645,6.5630493,6.778702
2021-03-04 00:42:42,5971,-0.73342896,6.4337616,6.6242676
2021-03-04 00:42:42,5981,-0.17199707,6.4900208,6.617096
2021-03-04 00:42:42,5992,-0.35754395,6.3020782,6.755951
2021-03-04 00:42:42,6001,-0.27015686,6.1572266,6.6949005
2021-03-04 00:42:42,6012,-0.22467041,6.015976,6.9486847
2021-03-04 00:42:42,6021,-0.42338562,6.1644135,6.755951
2021-03-04 00:42:42,6032,0.037506104,6.431366,6.767929
2021-03-04 00:42:42,6041,-0.33839417,6.4541016,6.5093536
2021-03-04 00:42:42,6051,-0.4353485,6.436157,6.8493347
2021-03-04 00:42:42,6062,-0.42697144,6.462494,6.989395
2021-03-04 00:42:42,6071,-0.35514832,6.2529907,7.136627
2021-03-04 00:42:42,6081,-0.2653656,6.080612,7.2168427
2021-03-04 00:42:42,6091,-0.31803894,6.041107,7.332962
2021-03-04 00:42:42,6101,-0.31803894,6.041107,7.332962
2021-03-04 00:42:42,6112,-0.31803894,6.041107,7.332962
2021-03-04 00:42:42,6121,-0.31803894,6.041107,7.332962
2021-03-04 00:42:42,6131,-0.31803894,6.041107,7.332962
2021-03-04 00:42:42,6141,-0.31803894,6.041107,7.332962
2021-03-04 00:42:42,6152,-0.31803894,6.041107,7.332962
2021-03-04 00:42:42,6161,-0.31803894,6.041107,7.332962
2021-03-04 00:42:42,6171,-0.31803894,6.041107,7.332962
2021-03-04 00:42:42,6181,-0.31803894,6.041107,7.332962
2021-03-04 00:42:42,6192,-0.31803894,6.041107,7.332962
2021-03-04 00:42:42,6201,-0.31803894,6.041107,7.332962
2021-03-04 00:42:42,6211,-0.31803894,6.041107,7.332962
2021-03-04 00:42:42,6221,-0.31803894,6.041107,7.332962
2021-03-04 00:42:42,6232,-0.31803894,6.041107,7.332962
2021-03-04 00:42:42,6241,-0.31803894,6.041107,7.332962
2021-03-04 00:42:42,6251,-0.31803894,6.041107,7.332962
