Timestamp,Milliseconds,X,Y,Z,cos,headingAccuracy
2021-03-04 00:42:36,1,0.117599204,0.26770568,0.77730906,0.557041,0.0
2021-03-04 00:42:36,11,0.117599204,0.26770568,0.77730906,0.557041,0.0
2021-03-04 00:42:36,21,0.1179396,0.26784614,0.7762996,0.5583078,0.0
2021-03-04 00:42:36,31,0.1183317,0.26823026,0.7750511,0.5597731,0.0
2021-03-04 00:42:36,41,0.1183317,0.26823026,0.7750511,0.5597731,0.0
2021-03-04 00:42:36,51,0.118411265,0.26865166,0.7745102,0.5603026,0.0
2021-03-04 00:42:36,61,0.118411265,0.26865166,0.7745102,0.5603026,0.0
2021-03-04 00:42:36,71,0.11847547,0.26886666,0.7738271,0.56112915,0.0
2021-03-04 00:42:36,81,0.11847547,0.26886666,0.7738271,0.56112915,0.0
2021-03-04 00:42:36,92,0.118301645,0.26921818,0.77399445,0.56076634,0.0
2021-03-04 00:42:36,101,0.118301645,0.26921818,0.77399445,0.56076634,0.0
2021-03-04 00:42:36,111,0.11750202,0.2695682,0.7745274,0.56003004,0.0
2021-03-04 00:42:36,121,0.11750202,0.2695682,0.7745274,0.56003004,0.0
2021-03-04 00:42:36,131,0.117680594,0.2685419,0.7757707,0.55876315,0.0
2021-03-04 00:42:36,141,0.117680594,0.2685419,0.7757707,0.55876315,0.0
2021-03-04 00:42:36,151,0.117973074,0.26750973,0.7765912,0.5580565,0.0
2021-03-04 00:42:36,161,0.117973074,0.26750973,0.7765912,0.5580565,0.0
2021-03-04 00:42:36,171,0.11882455,0.26672775,0.77669275,0.5581088,0.0
2021-03-04 00:42:36,181,0.11882455,0.26672775,0.77669275,0.5581088,0.0
2021-03-04 00:42:36,191,0.11975917,0.26618326,0.7765586,0.5583556,0.0
2021-03-04 00:42:36,201,0.11975917,0.26618326,0.7765586,0.5583556,0.0
2021-03-04 00:42:36,211,0.120477535,0.26588956,0.7765683,0.5583275,0.0
2021-03-04 00:42:36,221,0.120477535,0.26588956,0.7765683,0.5583275,0.0
2021-03-04 00:42:36,231,0.1206816,0.26596224,0.77776796,0.5565762,0.0
2021-03-04 00:42:36,241,0.1206816,0.26596224,0.77776796,0.5565762,0.0
2021-03-04 00:42:36,251,0.12097805,0.2661097,0.77807736,0.55600864,0.0
2021-03-04 00:42:36,261,0.12097805,0.2661097,0.77807736,0.55600864,0.0
2021-03-04 00:42:36,271,0.12013641,0.26712233,0.77806044,0.55572915,0.0
2021-03-04 00:42:36,281,0.12013641,0.26712233,0.77806044,0.55572915,0.0
2021-03-04 00:42:36,292,0.12068001,0.2672215,0.77696556,0.5570938,0.0
2021-03-04 00:42:36,301,0.12068001,0.2672215,0.77696556,0.5570938,0.0
2021-03-04 00:42:36,311,0.12069495,0.26740974,0.7779206,0.5556657,0.0
2021-03-04 00:42:36,321,0.12069495,0.26740974,0.7779206,0.5556657,0.0
2021-03-04 00:42:36,331,0.12140245,0.26723143,0.77806115,0.55540043,0.0
2021-03-04 00:42:36,341,0.12140245,0.26723143,0.77806115,0.55540043,0.0
2021-03-04 00:42:36,351,0.12147907,0.26727685,0.7776521,0.5559345,0.0
2021-03-04 00:42:36,361,0.12147907,0.26727685,0.7776521,0.5559345,0.0
2021-03-04 00:42:36,371,0.12147907,0.26727685,0.7776521,0.5559345,0.0
2021-03-04 00:42:36,382,0.12024284,0.26806617,0.7783234,0.5548827,0.0
2021-03-04 00:42:36,391,0.120885335,0.26746324,0.7786842,0.55452776,0.0
2021-03-04 00:42:36,401,0.120885335,0.26746324,0.7786842,0.55452776,0.0
2021-03-04 00:42:36,411,0.12114671,0.26718614,0.778808,0.5544304,0.0
2021-03-04 00:42:36,421,0.12114671,0.26718614,0.778808,0.5544304,0.0
2021-03-04 00:42:36,431,0.12114671,0.26718614,0.778808,0.5544304,0.0
2021-03-04 00:42:36,442,0.11967424,0.2681385,0.77993333,0.55270594,0.0
2021-03-04 00:42:36,452,0.11967424,0.2681385,0.77993333,0.55270594,0.0
2021-03-04 00:42:36,461,0.12095162,0.26779696,0.77934045,0.55342925,0.0
2021-03-04 00:42:36,471,0.12095162,0.26779696,0.77934045,0.55342925,0.0
2021-03-04 00:42:36,481,0.1222858,0.26756874,0.77853566,0.55437833,0.0
2021-03-04 00:42:36,491,0.1222858,0.26756874,0.77853566,0.55437833,0.0
2021-03-04 00:42:36,502,0.12339914,0.26737833,0.77793765,0.5550626,0.0
2021-03-04 00:42:36,512,0.12339914,0.26737833,0.77793765,0.5550626,0.0
2021-03-04 00:42:36,521,0.12407414,0.26732886,0.77809894,0.5547098,0.0
2021-03-04 00:42:36,531,0.12407414,0.26732886,0.77809894,0.5547098,0.0
2021-03-04 00:42:36,541,0.12487802,0.2671546,0.7775675,0.5553581,0.0
2021-03-04 00:42:36,551,0.12487802,0.2671546,0.7775675,0.5553581,0.0
2021-03-04 00:42:36,561,0.12520242,0.267249,0.7772202,0.5557257,0.0
2021-03-04 00:42:36,571,0.12520242,0.267249,0.7772202,0.5557257,0.0
2021-03-04 00:42:36,581,0.12410318,0.2678334,0.7773442,0.55551744,0.0
2021-03-04 00:42:36,592,0.12410318,0.2678334,0.7773442,0.55551744,0.0
2021-03-04 00:42:36,602,0.12277213,0.26820683,0.7778174,0.5549704,0.0
2021-03-04 00:42:36,611,0.12277213,0.26820683,0.7778174,0.5549704,0.0
2021-03-04 00:42:36,621,0.121230796,0.26892588,0.778881,0.5534675,0.0
2021-03-04 00:42:36,632,0.121230796,0.26892588,0.778881,0.5534675,0.0
2021-03-04 00:42:36,641,0.12076993,0.26939058,0.7787888,0.55347204,0.0
2021-03-04 00:42:36,652,0.12076993,0.26939058,0.7787888,0.55347204,0.0
2021-03-04 00:42:36,661,0.12169687,0.26912633,0.778677,0.55355495,0.0
2021-03-04 00:42:36,671,0.12169687,0.26912633,0.778677,0.55355495,0.0
2021-03-04 00:42:36,682,0.12253543,0.268885,0.7781385,0.554244,0.0
2021-03-04 00:42:36,691,0.12253543,0.268885,0.7781385,0.554244,0.0
2021-03-04 00:42:36,701,0.12293515,0.2686416,0.7783715,0.5539462,0.0
2021-03-04 00:42:36,712,0.12293515,0.2686416,0.7783715,0.5539462,0.0
2021-03-04 00:42:36,722,0.123770036,0.26846734,0.77802384,0.5543331,0.0
2021-03-04 00:42:36,731,0.123770036,0.26846734,0.77802384,0.5543331,0.0
2021-03-04 00:42:36,742,0.12468172,0.26840743,0.77764326,0.5546917,0.0
2021-03-04 00:42:36,751,0.12468172,0.26840743,0.77764326,0.5546917,0.0
2021-03-04 00:42:36,761,0.12573305,0.26827624,0.7766708,0.55587906,0.0
2021-03-04 00:42:36,772,0.12573305,0.26827624,0.7766708,0.55587906,0.0
2021-03-04 00:42:36,783,0.12643777,0.26820415,0.776606,0.55584455,0.0
2021-03-04 00:42:36,791,0.12643777,0.26820415,0.776606,0.55584455,0.0
2021-03-04 00:42:37,802,0.12571219,0.2685946,0.77655053,0.5558981,0.0
2021-03-04 00:42:37,811,0.12571219,0.2685946,0.77655053,0.5558981,0.0
2021-03-04 00:42:37,821,0.1252643,0.2684055,0.77652156,0.55613095,0.0
2021-03-04 00:42:37,831,0.1252643,0.2684055,0.77652156,0.55613095,0.0
2021-03-04 00:42:37,842,0.12526923,0.26793492,0.7775254,0.5549529,0.0
2021-03-04 00:42:37,851,0.12526923,0.26793492,0.7775254,0.5549529,0.0
2021-03-04 00:42:37,861,0.12627913,0.26760575,0.7767057,0.55602974,0.0
2021-03-04 00:42:37,872,0.12627913,0.26760575,0.7767057,0.55602974,0.0
2021-03-04 00:42:37,881,0.1271782,0.2674431,0.77577186,0.5572055,0.0
2021-03-04 00:42:37,892,0.1271782,0.2674431,0.77577186,0.5572055,0.0
2021-03-04 00:42:37,901,0.12779477,0.26722625,0.77562743,0.5573695,0.0
2021-03-04 00:42:37,912,0.12779477,0.26722625,0.77562743,0.5573695,0.0
2021-03-04 00:42:37,921,0.12780811,0.26746428,0.7748923,0.5582741,0.0
2021-03-04 00:42:37,932,0.12780811,0.26746428,0.7748923,0.5582741,0.0
2021-03-04 00:42:37,941,0.12890963,0.26711544,0.7747369,0.5584035,0.0
2021-03-04 00:42:37,952,0.12890963,0.26711544,0.7747369,0.5584035,0.0
2021-03-04 00:42:37,961,0.12890963,0.26711544,0.7747369,0.5584035,0.0
2021-03-04 00:42:37,972,0.12947378,0.26690328,0.77447164,0.5587422,0.0
2021-03-04 00:42:37,981,0.12987405,0.26677948,0.774345,0.55888397,0.0
2021-03-04 00:42:37,992,0.12987405,0.26677948,0.774345,0.55888397,0.0
2021-03-04 00:42:37,1001,0.13031262,0.26659214,0.7740931,0.55922014,0.0
2021-03-04 00:42:37,1012,0.13031262,0.26659214,0.7740931,0.55922014,0.0
2021-03-04 00:42:37,1021,0.1300715,0.26672012,0.77524173,0.5576217,0.0
2021-03-04 00:42:37,1032,0.1300715,0.26672012,0.77524173,0.5576217,0.0
2021-03-04 00:42:37,1041,0.12996194,0.266644,0.77625483,0.5562727,0.0
2021-03-04 00:42:37,1052,0.12996194,0.266644,0.77625483,0.5562727,0.0
2021-03-04 00:42:37,1062,0.13006972,0.26629418,0.7766713,0.5558336,0.0
2021-03-04 00:42:37,1071,0.13006972,0.26629418,0.7766713,0.5558336,0.0
2021-03-04 00:42:37,1081,0.12989911,0.26647165,0.7758774,0.55689615,0.0
2021-03-04 00:42:37,1091,0.12989911,0.26647165,0.7758774,0.55689615,0.0
2021-03-04 00:42:37,1102,0.1295095,0.26676187,0.77751136,0.55456424,0.0
2021-03-04 00:42:37,1111,0.1295095,0.26676187,0.77751136,0.55456424,0.0
2021-03-04 00:42:37,1121,0.12936209,0.26681694,0.778067,0.5537923,0.0
2021-03-04 00:42:37,1132,0.12936209,0.26681694,0.778067,0.5537923,0.0
2021-03-04 00:42:37,1142,0.12958461,0.2668103,0.77824587,0.55349207,0.0
2021-03-04 00:42:37,1151,0.12958461,0.2668103,0.77824587,0.55349207,0.0
2021-03-04 00:42:37,1161,0.12941192,0.2672447,0.7785866,0.5528433,0.0
2021-03-04 00:42:37,1172,0.12941192,0.2672447,0.7785866,0.5528433,0.0
2021-03-04 00:42:37,1181,0.12969673,0.26727125,0.77870107,0.55260247,0.0
2021-03-04 00:42:37,1191,0.12969673,0.26727125,0.77870107,0.55260247,0.0
2021-03-04 00:42:37,1201,0.13002993,0.26732707,0.7784229,0.552889,0.0
2021-03-04 00:42:37,1212,0.13002993,0.26732707,0.7784229,0.552889,0.0
2021-03-04 00:42:37,1221,0.13043103,0.2673521,0.7781524,0.5531631,0.0
2021-03-04 00:42:37,1232,0.13043103,0.2673521,0.7781524,0.5531631,0.0
2021-03-04 00:42:37,1241,0.13060915,0.26749855,0.77756155,0.5538807,0.0
2021-03-04 00:42:37,1252,0.13060915,0.26749855,0.77756155,0.5538807,0.0
2021-03-04 00:42:37,1261,0.13088964,0.26731798,0.77758676,0.5538662,0.0
2021-03-04 00:42:37,1271,0.13088964,0.26731798,0.77758676,0.5538662,0.0
2021-03-04 00:42:37,1281,0.1307278,0.26748565,0.77761286,0.5537869,0.0
2021-03-04 00:42:37,1291,0.1307278,0.26748565,0.77761286,0.5537869,0.0
2021-03-04 00:42:37,1301,0.13028184,0.26740375,0.7783741,0.55286133,0.0
2021-03-04 00:42:37,1311,0.13028184,0.26740375,0.7783741,0.55286133,0.0
2021-03-04 00:42:37,1321,0.13028184,0.26740375,0.7783741,0.55286133,0.0
2021-03-04 00:42:37,1331,0.12967673,0.2672059,0.7796578,0.55128825,0.0
2021-03-04 00:42:37,1341,0.12967937,0.2668804,0.77985865,0.55116117,0.0
2021-03-04 00:42:37,1352,0.12967937,0.2668804,0.77985865,0.55116117,0.0
2021-03-04 00:42:37,1361,0.12967937,0.2668804,0.77985865,0.55116117,0.0
2021-03-04 00:42:37,1371,0.12948889,0.26718426,0.78008664,0.55073595,0.0
2021-03-04 00:42:37,1382,0.12982413,0.2673602,0.779929,0.5507949,0.0
2021-03-04 00:42:37,1391,0.12982413,0.2673602,0.779929,0.5507949,0.0
2021-03-04 00:42:37,1402,0.12983947,0.2674956,0.78001136,0.5506088,0.0
2021-03-04 00:42:37,1411,0.12983947,0.2674956,0.78001136,0.5506088,0.0
2021-03-04 00:42:37,1421,0.13056587,0.26739955,0.77905047,0.55184275,0.0
2021-03-04 00:42:37,1432,0.13056587,0.26739955,0.77905047,0.55184275,0.0
2021-03-04 00:42:37,1441,0.13161436,0.26718456,0.77733976,0.5541055,0.0
2021-03-04 00:42:37,1452,0.13161436,0.26718456,0.77733976,0.5541055,0.0
2021-03-04 00:42:37,1461,0.13182151,0.26715925,0.7774402,0.5539276,0.0
2021-03-04 00:42:37,1472,0.13182151,0.26715925,0.7774402,0.5539276,0.0
2021-03-04 00:42:37,1481,0.13182151,0.26715925,0.7774402,0.5539276,0.0
2021-03-04 00:42:37,1493,0.1314533,0.26722008,0.77836084,0.55269146,0.0
2021-03-04 00:42:37,1501,0.13163386,0.26704437,0.7782179,0.55293465,0.0
2021-03-04 00:42:37,1512,0.13163386,0.26704437,0.7782179,0.55293465,0.0
2021-03-04 00:42:37,1521,0.13106975,0.26726636,0.77952844,0.55111235,0.0
2021-03-04 00:42:37,1532,0.13106975,0.26726636,0.77952844,0.55111235,0.0
2021-03-04 00:42:37,1541,0.130842,0.26724803,0.77999973,0.5505082,0.0
2021-03-04 00:42:37,1552,0.130842,0.26724803,0.77999973,0.5505082,0.0
2021-03-04 00:42:37,1561,0.13050076,0.26727477,0.78083724,0.54938775,0.0
2021-03-04 00:42:37,1571,0.13050076,0.26727477,0.78083724,0.54938775,0.0
2021-03-04 00:42:37,1582,0.13042453,0.26739222,0.78142923,0.5485064,0.0
2021-03-04 00:42:37,1591,0.13042453,0.26739222,0.78142923,0.5485064,0.0
2021-03-04 00:42:37,1602,0.1304581,0.26764682,0.7815747,0.54816675,0.0
2021-03-04 00:42:37,1611,0.1304581,0.26764682,0.7815747,0.54816675,0.0
2021-03-04 00:42:37,1622,0.1304581,0.26764682,0.7815747,0.54816675,0.0
2021-03-04 00:42:37,1631,0.13023785,0.26788002,0.7823284,0.5470289,0.0
2021-03-04 00:42:37,1642,0.12978421,0.26820716,0.78279346,0.54631066,0.0
2021-03-04 00:42:37,1651,0.12978421,0.26820716,0.78279346,0.54631066,0.0
2021-03-04 00:42:37,1662,0.1298735,0.26827672,0.7822524,0.5470299,0.0
2021-03-04 00:42:37,1671,0.1298735,0.26827672,0.7822524,0.5470299,0.0
2021-03-04 00:42:37,1682,0.12964813,0.26834792,0.7820937,0.54727525,0.0
2021-03-04 00:42:37,1691,0.12964813,0.26834792,0.7820937,0.54727525,0.0
2021-03-04 00:42:37,1701,0.12964813,0.26834792,0.7820937,0.54727525,0.0
2021-03-04 00:42:37,1712,0.12965721,0.2684206,0.782486,0.54667634,0.0
2021-03-04 00:42:37,1721,0.12965721,0.2684206,0.782486,0.54667634,0.0
2021-03-04 00:42:37,1732,0.12905376,0.2689631,0.78345424,0.5451637,0.0
2021-03-04 00:42:37,1742,0.12905376,0.2689631,0.78345424,0.5451637,0.0
2021-03-04 00:42:37,1751,0.12951556,0.26882607,0.78205657,0.54712504,0.0
2021-03-04 00:42:37,1761,0.12951556,0.26882607,0.78205657,0.54712504,0.0
2021-03-04 00:42:37,1771,0.12960197,0.26890948,0.78154963,0.54778755,0.0
2021-03-04 00:42:37,1781,0.12960197,0.26890948,0.78154963,0.54778755,0.0
2021-03-04 00:42:38,1792,0.12963928,0.26917613,0.7813693,0.54790497,0.0
2021-03-04 00:42:38,1801,0.12963928,0.26917613,0.7813693,0.54790497,0.0
2021-03-04 00:42:38,1812,0.13023332,0.26917392,0.78064126,0.54880226,0.0
2021-03-04 00:42:38,1821,0.13023332,0.26917392,0.78064126,0.54880226,0.0
2021-03-04 00:42:38,1832,0.13066831,0.26889464,0.7800691,0.54964864,0.0
2021-03-04 00:42:38,1841,0.13066831,0.26889464,0.7800691,0.54964864,0.0
2021-03-04 00:42:38,1851,0.12994157,0.26960853,0.7796781,0.5500259,0.0
2021-03-04 00:42:38,1861,0.12994157,0.26960853,0.7796781,0.5500259,0.0
2021-03-04 00:42:38,1871,0.1288155,0.27133825,0.78036535,0.54846334,0.0
2021-03-04 00:42:38,1882,0.1288155,0.27133825,0.78036535,0.54846334,0.0
2021-03-04 00:42:38,1892,0.12845483,0.2733705,0.7787002,0.5499036,0.0
2021-03-04 00:42:38,1901,0.12845483,0.2733705,0.7787002,0.5499036,0.0
2021-03-04 00:42:38,1911,0.12912463,0.27373257,0.7779494,0.5506287,0.0
2021-03-04 00:42:38,1922,0.12912463,0.27373257,0.7779494,0.5506287,0.0
2021-03-04 00:42:38,1931,0.124810115,0.2732172,0.7806135,0.54810345,0.0
2021-03-04 00:42:38,1941,0.124810115,0.2732172,0.7806135,0.54810345,0.0
2021-03-04 00:42:38,1952,0.12051063,0.27089402,0.7855885,0.5430877,0.0
2021-03-04 00:42:38,1961,0.12051063,0.27089402,0.7855885,0.5430877,0.0
2021-03-04 00:42:38,1972,0.1192816,0.26449236,0.7915823,0.5377854,0.0
2021-03-04 00:42:38,1981,0.1192816,0.26449236,0.7915823,0.5377854,0.0
2021-03-04 00:42:38,1991,0.1236888,0.2575807,0.7945301,0.53579396,0.0
2021-03-04 00:42:38,2002,0.1236888,0.2575807,0.7945301,0.53579396,0.0
2021-03-04 00:42:38,2011,0.12520754,0.25539076,0.79711413,0.5326422,0.0
2021-03-04 00:42:38,2022,0.12520754,0.25539076,0.79711413,0.5326422,0.0
2021-03-04 00:42:38,2032,0.12786518,0.2563861,0.796371,0.5326442,0.0
2021-03-04 00:42:38,2041,0.12786518,0.2563861,0.796371,0.5326442,0.0
2021-03-04 00:42:38,2052,0.13406569,0.2592267,0.79228616,0.535827,0.0
2021-03-04 00:42:38,2061,0.13406569,0.2592267,0.79228616,0.535827,0.0
2021-03-04 00:42:38,2071,0.14189944,0.2630207,0.78667873,0.54020476,0.0
2021-03-04 00:42:38,2081,0.14189944,0.2630207,0.78667873,0.54020476,0.0
2021-03-04 00:42:38,2091,0.15140854,0.26628712,0.7793165,0.54665565,0.0
2021-03-04 00:42:38,2102,0.15140854,0.26628712,0.7793165,0.54665565,0.0
2021-03-04 00:42:38,2111,0.1582121,0.2679433,0.774348,0.5509632,0.0
2021-03-04 00:42:38,2122,0.1582121,0.2679433,0.774348,0.5509632,0.0
2021-03-04 00:42:38,2131,0.16162938,0.26640877,0.77359146,0.55177766,0.0
2021-03-04 00:42:38,2142,0.16162938,0.26640877,0.77359146,0.55177766,0.0
2021-03-04 00:42:38,2151,0.1626385,0.2650897,0.77507555,0.550031,0.0
2021-03-04 00:42:38,2161,0.1626385,0.2650897,0.77507555,0.550031,0.0
2021-03-04 00:42:38,2172,0.16225006,0.26450354,0.77604705,0.5490572,0.0
2021-03-04 00:42:38,2181,0.16225006,0.26450354,0.77604705,0.5490572,0.0
2021-03-04 00:42:38,2192,0.16201095,0.2619108,0.77687395,0.5492013,0.0
2021-03-04 00:42:38,2201,0.16201095,0.2619108,0.77687395,0.5492013,0.0
2021-03-04 00:42:38,2211,0.15879914,0.25820792,0.78176254,0.5449393,0.0
2021-03-04 00:42:38,2222,0.15879914,0.25820792,0.78176254,0.5449393,0.0
2021-03-04 00:42:38,2231,0.15824148,0.25012988,0.78742707,0.540697,0.0
2021-03-04 00:42:38,2242,0.15824148,0.25012988,0.78742707,0.540697,0.0
2021-03-04 00:42:38,2251,0.1659592,0.2345956,0.7933797,0.5366294,0.0
2021-03-04 00:42:38,2261,0.1659592,0.2345956,0.7933797,0.5366294,0.0
2021-03-04 00:42:38,2271,0.17259106,0.22261462,0.7962813,0.53534216,0.0
2021-03-04 00:42:38,2282,0.17259106,0.22261462,0.7962813,0.53534216,0.0
2021-03-04 00:42:38,2291,0.174547,0.21816143,0.7962956,0.5365187,0.0
2021-03-04 00:42:38,2301,0.174547,0.21816143,0.7962956,0.5365187,0.0
2021-03-04 00:42:38,2313,0.17266484,0.22061042,0.7943005,0.5390776,0.0
2021-03-04 00:42:38,2322,0.17266484,0.22061042,0.7943005,0.5390776,0.0
2021-03-04 00:42:38,2331,0.16800542,0.22631839,0.79013586,0.54427886,0.0
2021-03-04 00:42:38,2341,0.16800542,0.22631839,0.79013586,0.54427886,0.0
2021-03-04 00:42:38,2352,0.16058539,0.23515685,0.78554875,0.54938763,0.0
2021-03-04 00:42:38,2362,0.16058539,0.23515685,0.78554875,0.54938763,0.0
2021-03-04 00:42:38,2371,0.15533496,0.24299546,0.7789923,0.5567722,0.0
2021-03-04 00:42:38,2382,0.15533496,0.24299546,0.7789923,0.5567722,0.0
2021-03-04 00:42:38,2391,0.15576182,0.24587753,0.77121,0.56614274,0.0
2021-03-04 00:42:38,2402,0.15576182,0.24587753,0.77121,0.56614274,0.0
2021-03-04 00:42:38,2411,0.15360661,0.24440531,0.7687354,0.57071614,0.0
2021-03-04 00:42:38,2421,0.15360661,0.24440531,0.7687354,0.57071614,0.0
2021-03-04 00:42:38,2432,0.14859784,0.2400917,0.7712095,0.57053536,0.0
2021-03-04 00:42:38,2441,0.14859784,0.2400917,0.7712095,0.57053536,0.0
2021-03-04 00:42:38,2452,0.140308,0.23941675,0.7735792,0.5697092,0.0
2021-03-04 00:42:38,2461,0.140308,0.23941675,0.7735792,0.5697092,0.0
2021-03-04 00:42:38,2471,0.13044605,0.23392439,0.78347385,0.5607423,0.0
2021-03-04 00:42:38,2482,0.13044605,0.23392439,0.78347385,0.5607423,0.0
2021-03-04 00:42:38,2491,0.13247427,0.23094937,0.7822891,0.563149,0.0
2021-03-04 00:42:38,2501,0.13247427,0.23094937,0.7822891,0.563149,0.0
2021-03-04 00:42:38,2512,0.13736062,0.22922008,0.7796303,0.56636274,0.0
2021-03-04 00:42:38,2521,0.13736062,0.22922008,0.7796303,0.56636274,0.0
2021-03-04 00:42:38,2531,0.14780457,0.2273293,0.7740469,0.57212466,0.0
2021-03-04 00:42:38,2542,0.14780457,0.2273293,0.7740469,0.57212466,0.0
2021-03-04 00:42:38,2551,0.15800817,0.22719987,0.76802254,0.57754225,0.0
2021-03-04 00:42:38,2561,0.15800817,0.22719987,0.76802254,0.57754225,0.0
2021-03-04 00:42:38,2572,0.16634768,0.22680299,0.76628006,0.577671,0.0
2021-03-04 00:42:38,2581,0.16634768,0.22680299,0.76628006,0.577671,0.0
2021-03-04 00:42:38,2591,0.17163661,0.22669937,0.76684284,0.57541317,0.0
2021-03-04 00:42:38,2602,0.17163661,0.22669937,0.76684284,0.57541317,0.0
2021-03-04 00:42:38,2611,0.17713206,0.23483767,0.76050097,0.57889014,0.0
2021-03-04 00:42:38,2621,0.17713206,0.23483767,0.76050097,0.57889014,0.0
2021-03-04 00:42:38,2632,0.18331778,0.243539,0.7544085,0.58133566,0.0
2021-03-04 00:42:38,2641,0.18331778,0.243539,0.7544085,0.58133566,0.0
2021-03-04 00:42:38,2651,0.19077644,0.2482273,0.75069493,0.58176,0.0
2021-03-04 00:42:38,2662,0.19077644,0.2482273,0.75069493,0.58176,0.0
2021-03-04 00:42:38,2671,0.19527766,0.25678203,0.7463901,0.58209234,0.0
2021-03-04 00:42:38,2681,0.19527766,0.25678203,0.7463901,0.58209234,0.0
2021-03-04 00:42:38,2692,0.201434,0.26807016,0.7390432,0.58427554,0.0
2021-03-04 00:42:38,2701,0.201434,0.26807016,0.7390432,0.58427554,0.0
2021-03-04 00:42:38,2711,0.20440444,0.28072572,0.73385113,0.5838445,0.0
2021-03-04 00:42:38,2721,0.20440444,0.28072572,0.73385113,0.5838445,0.0
2021-03-04 00:42:38,2732,0.20680514,0.29077408,0.73244864,0.57982844,0.0
2021-03-04 00:42:38,2741,0.20680514,0.29077408,0.73244864,0.57982844,0.0
2021-03-04 00:42:38,2751,0.20794265,0.30476382,0.7275224,0.5784376,0.0
2021-03-04 00:42:38,2762,0.20794265,0.30476382,0.7275224,0.5784376,0.0
2021-03-04 00:42:38,2771,0.2021489,0.3187983,0.72689307,0.57369846,0.0
2021-03-04 00:42:38,2782,0.2021489,0.3187983,0.72689307,0.57369846,0.0
2021-03-04 00:42:38,2791,0.1810552,0.33326796,0.73874587,0.55714095,0.0
2021-03-04 00:42:39,2802,0.1810552,0.33326796,0.73874587,0.55714095,0.0
2021-03-04 00:42:39,2811,0.1810552,0.33326796,0.73874587,0.55714095,0.0
2021-03-04 00:42:39,2821,0.15341955,0.34608522,0.7572002,0.53229254,0.0
2021-03-04 00:42:39,2832,0.11342701,0.36223394,0.7796369,0.49808347,0.0
2021-03-04 00:42:39,2841,0.11342701,0.36223394,0.7796369,0.49808347,0.0
2021-03-04 00:42:39,2851,0.051961206,0.38224033,0.8060728,0.44881964,0.0
2021-03-04 00:42:39,2862,0.051961206,0.38224033,0.8060728,0.44881964,0.0
2021-03-04 00:42:39,2871,0.051961206,0.38224033,0.8060728,0.44881964,0.0
2021-03-04 00:42:39,2881,-0.060157586,0.3990705,0.8430128,0.35560265,0.0
2021-03-04 00:42:39,2892,-0.060157586,0.3990705,0.8430128,0.35560265,0.0
2021-03-04 00:42:39,2902,-0.38381597,0.28919715,0.87629294,0.0340735,0.0
2021-03-04 00:42:39,2911,0.5034353,-0.20606194,-0.837328,0.05452651,0.0
2021-03-04 00:42:39,2921,0.5034353,-0.20606194,-0.837328,0.05452651,0.0
2021-03-04 00:42:39,2932,-0.8804526,-0.35458827,-0.06436821,0.30810255,0.0
2021-03-04 00:42:39,2941,-0.8804526,-0.35458827,-0.06436821,0.30810255,0.0
2021-03-04 00:42:39,2951,-0.8082693,-0.41560984,0.34351143,0.23657775,0.0
2021-03-04 00:42:39,2962,-0.8082693,-0.41560984,0.34351143,0.23657775,0.0
2021-03-04 00:42:39,2971,-0.8082693,-0.41560984,0.34351143,0.23657775,0.0
2021-03-04 00:42:39,2982,-0.7191852,-0.3851445,0.50396925,0.28363958,0.0
2021-03-04 00:42:39,2991,-0.65366894,-0.4370201,0.45963576,0.4128745,0.0
2021-03-04 00:42:39,3001,-0.65366894,-0.4370201,0.45963576,0.4128745,0.0
2021-03-04 00:42:39,3012,-0.7034903,-0.4455276,0.25965825,0.4890645,0.0
2021-03-04 00:42:39,3021,-0.7034903,-0.4455276,0.25965825,0.4890645,0.0
2021-03-04 00:42:39,3031,-0.8053915,-0.3722431,0.022251923,0.46074337,0.0
2021-03-04 00:42:39,3041,-0.8053915,-0.3722431,0.022251923,0.46074337,0.0
2021-03-04 00:42:39,3051,-0.8053915,-0.3722431,0.022251923,0.46074337,0.0
2021-03-04 00:42:39,3061,-0.77721703,-0.2775539,-0.18255042,0.53439015,0.0
2021-03-04 00:42:39,3071,-0.77721703,-0.2775539,-0.18255042,0.53439015,0.0
2021-03-04 00:42:39,3082,-0.75193185,-0.21486229,-0.2428962,0.5739635,0.0
2021-03-04 00:42:39,3091,-0.75193185,-0.21486229,-0.2428962,0.5739635,0.0
2021-03-04 00:42:39,3102,-0.7623919,-0.1844947,-0.26580167,0.56041926,0.0
2021-03-04 00:42:39,3111,-0.7623919,-0.1844947,-0.26580167,0.56041926,0.0
2021-03-04 00:42:39,3121,-0.77338517,-0.19017261,-0.24779034,0.5516427,0.0
2021-03-04 00:42:39,3132,-0.77338517,-0.19017261,-0.24779034,0.5516427,0.0
2021-03-04 00:42:39,3141,-0.7927155,-0.2444206,-0.15130769,0.53755623,0.0
2021-03-04 00:42:39,3152,-0.7927155,-0.2444206,-0.15130769,0.53755623,0.0
2021-03-04 00:42:39,3161,-0.807744,-0.29007176,-0.0495513,0.5108353,0.0
2021-03-04 00:42:39,3172,-0.807744,-0.29007176,-0.0495513,0.5108353,0.0
2021-03-04 00:42:39,3181,-0.8216277,-0.3100616,0.013858143,0.4781189,0.0
2021-03-04 00:42:39,3191,-0.8216277,-0.3100616,0.013858143,0.4781189,0.0
2021-03-04 00:42:39,3201,-0.8469092,-0.31256458,0.036781516,0.42859685,0.0
2021-03-04 00:42:39,3211,-0.8469092,-0.31256458,0.036781516,0.42859685,0.0
2021-03-04 00:42:39,3221,-0.88190293,-0.30887038,0.042984065,0.35355145,0.0
2021-03-04 00:42:39,3232,-0.88190293,-0.30887038,0.042984065,0.35355145,0.0
2021-03-04 00:42:39,3241,-0.90981895,-0.30719578,0.060760275,0.27233875,0.0
2021-03-04 00:42:39,3252,-0.90981895,-0.30719578,0.060760275,0.27233875,0.0
2021-03-04 00:42:39,3261,-0.92427063,-0.30716872,0.09822092,0.20426418,0.0
2021-03-04 00:42:39,3272,-0.92427063,-0.30716872,0.09822092,0.20426418,0.0
2021-03-04 00:42:39,3281,-0.93176347,-0.30232632,0.14120843,0.14309353,0.0
2021-03-04 00:42:39,3291,-0.93176347,-0.30232632,0.14120843,0.14309353,0.0
2021-03-04 00:42:39,3301,-0.93762827,-0.2981307,0.158346,0.08305307,0.0
2021-03-04 00:42:39,3311,-0.93762827,-0.2981307,0.158346,0.08305307,0.0
2021-03-04 00:42:39,3322,-0.9419024,-0.2995067,0.14995898,0.025057368,0.0
2021-03-04 00:42:39,3331,-0.9419024,-0.2995067,0.14995898,0.025057368,0.0
2021-03-04 00:42:39,3341,0.94260895,0.30294955,-0.13739935,0.028833196,0.0
2021-03-04 00:42:39,3351,0.94260895,0.30294955,-0.13739935,0.028833196,0.0
2021-03-04 00:42:39,3361,0.9384178,0.30501127,-0.13921197,0.0834278,0.0
2021-03-04 00:42:39,3372,0.9384178,0.30501127,-0.13921197,0.0834278,0.0
2021-03-04 00:42:39,3381,0.9309509,0.30494067,-0.14497845,0.13900685,0.0
2021-03-04 00:42:39,3391,0.9309509,0.30494067,-0.14497845,0.13900685,0.0
2021-03-04 00:42:39,3402,0.91959226,0.30648398,-0.14701553,0.19698757,0.0
2021-03-04 00:42:39,3411,0.91959226,0.30648398,-0.14701553,0.19698757,0.0
2021-03-04 00:42:39,3421,0.906074,0.3108568,-0.14020751,0.25047922,0.0
2021-03-04 00:42:39,3431,0.906074,0.3108568,-0.14020751,0.25047922,0.0
2021-03-04 00:42:39,3441,0.8916598,0.3217856,-0.12202461,0.2941204,0.0
2021-03-04 00:42:39,3451,0.875898,0.33399746,-0.10504831,0.33198383,0.0
2021-03-04 00:42:39,3462,0.875898,0.33399746,-0.10504831,0.33198383,0.0
2021-03-04 00:42:39,3471,0.875898,0.33399746,-0.10504831,0.33198383,0.0
2021-03-04 00:42:39,3481,0.85846025,0.34501663,-0.09309757,0.36788914,0.0
2021-03-04 00:42:39,3491,0.85846025,0.34501663,-0.09309757,0.36788914,0.0
2021-03-04 00:42:39,3502,0.84024996,0.35709777,-0.07893502,0.40028796,0.0
2021-03-04 00:42:39,3511,0.84024996,0.35709777,-0.07893502,0.40028796,0.0
2021-03-04 00:42:39,3522,0.8211251,0.3714684,-0.060188238,0.42911798,0.0
2021-03-04 00:42:39,3531,0.8211251,0.3714684,-0.060188238,0.42911798,0.0
2021-03-04 00:42:39,3541,0.80277723,0.3869655,-0.041546725,0.45175242,0.0
2021-03-04 00:42:39,3552,0.80277723,0.3869655,-0.041546725,0.45175242,0.0
2021-03-04 00:42:39,3562,0.7857149,0.39859095,-0.028904637,0.47216713,0.0
2021-03-04 00:42:39,3571,0.7857149,0.39859095,-0.028904637,0.47216713,0.0
2021-03-04 00:42:39,3581,0.7672412,0.41227567,-0.014874096,0.49106878,0.0
2021-03-04 00:42:39,3592,0.7672412,0.41227567,-0.014874096,0.49106878,0.0
2021-03-04 00:42:39,3601,0.74871784,0.42590287,2.965283E-4,0.5079648,0.0
2021-03-04 00:42:39,3611,0.74871784,0.42590287,2.965283E-4,0.5079648,0.0
2021-03-04 00:42:39,3622,0.7316157,0.43913874,0.01678087,0.521166,0.0
2021-03-04 00:42:39,3631,0.7316157,0.43913874,0.01678087,0.521166,0.0
2021-03-04 00:42:39,3641,0.71745306,0.4493832,0.030037357,0.531426,0.0
2021-03-04 00:42:39,3652,0.71745306,0.4493832,0.030037357,0.531426,0.0
2021-03-04 00:42:39,3661,0.698988,0.46247655,0.0467951,0.5434532,0.0
2021-03-04 00:42:39,3671,0.698988,0.46247655,0.0467951,0.5434532,0.0
2021-03-04 00:42:39,3682,0.679563,0.47443944,0.06253829,0.55604887,0.0
2021-03-04 00:42:39,3691,0.679563,0.47443944,0.06253829,0.55604887,0.0
2021-03-04 00:42:39,3701,0.6605346,0.4864702,0.08069282,0.5661532,0.0
2021-03-04 00:42:39,3712,0.6605346,0.4864702,0.08069282,0.5661532,0.0
2021-03-04 00:42:39,3721,0.6409563,0.49807304,0.0980294,0.5757504,0.0
2021-03-04 00:42:39,3732,0.6409563,0.49807304,0.0980294,0.5757504,0.0
2021-03-04 00:42:39,3741,0.61991084,0.5105558,0.11707156,0.584241,0.0
2021-03-04 00:42:39,3751,0.61991084,0.5105558,0.11707156,0.584241,0.0
2021-03-04 00:42:39,3763,0.6010087,0.52169317,0.13782218,0.5896014,0.0
2021-03-04 00:42:39,3771,0.6010087,0.52169317,0.13782218,0.5896014,0.0
2021-03-04 00:42:39,3781,0.5828597,0.53183776,0.15843137,0.5935678,0.0
2021-03-04 00:42:40,3792,0.5828597,0.53183776,0.15843137,0.5935678,0.0
2021-03-04 00:42:40,3801,0.5649027,0.54148465,0.18099348,0.5957522,0.0
2021-03-04 00:42:40,3811,0.5649027,0.54148465,0.18099348,0.5957522,0.0
2021-03-04 00:42:40,3822,0.55498004,0.54682297,0.19750057,0.59495825,0.0
2021-03-04 00:42:40,3831,0.55498004,0.54682297,0.19750057,0.59495825,0.0
2021-03-04 00:42:40,3841,0.54860795,0.5501345,0.21137327,0.5930453,0.0
2021-03-04 00:42:40,3851,0.54860795,0.5501345,0.21137327,0.5930453,0.0
2021-03-04 00:42:40,3861,0.54259634,0.5526675,0.22274472,0.59205794,0.0
2021-03-04 00:42:40,3871,0.54259634,0.5526675,0.22274472,0.59205794,0.0
2021-03-04 00:42:40,3881,0.5359635,0.5546935,0.23501721,0.5914602,0.0
2021-03-04 00:42:40,3891,0.5359635,0.5546935,0.23501721,0.5914602,0.0
2021-03-04 00:42:40,3902,0.5318184,0.55625725,0.24668922,0.58897495,0.0
2021-03-04 00:42:40,3911,0.5318184,0.55625725,0.24668922,0.58897495,0.0
2021-03-04 00:42:40,3922,0.5266491,0.55774236,0.25461456,0.5888426,0.0
2021-03-04 00:42:40,3931,0.5266491,0.55774236,0.25461456,0.5888426,0.0
2021-03-04 00:42:40,3941,0.5205378,0.5596157,0.25916708,0.5905109,0.0
2021-03-04 00:42:40,3951,0.5205378,0.5596157,0.25916708,0.5905109,0.0
2021-03-04 00:42:40,3961,0.51326555,0.5617648,0.26214746,0.59351283,0.0
2021-03-04 00:42:40,3972,0.51326555,0.5617648,0.26214746,0.59351283,0.0
2021-03-04 00:42:40,3981,0.50619745,0.5630369,0.2682168,0.59566206,0.0
2021-03-04 00:42:40,3992,0.50619745,0.5630369,0.2682168,0.59566206,0.0
2021-03-04 00:42:40,4001,0.50100744,0.56562275,0.25797895,0.6020875,0.0
2021-03-04 00:42:40,4011,0.50100744,0.56562275,0.25797895,0.6020875,0.0
2021-03-04 00:42:40,4022,0.48833284,0.5707164,0.24827291,0.611698,0.0
2021-03-04 00:42:40,4031,0.48833284,0.5707164,0.24827291,0.611698,0.0
2021-03-04 00:42:40,4042,0.46947983,0.5775098,0.24001624,0.62326825,0.0
2021-03-04 00:42:40,4051,0.46947983,0.5775098,0.24001624,0.62326825,0.0
2021-03-04 00:42:40,4061,0.43217456,0.5918427,0.2390342,0.63703215,0.0
2021-03-04 00:42:40,4072,0.43217456,0.5918427,0.2390342,0.63703215,0.0
2021-03-04 00:42:40,4081,0.38998377,0.60851717,0.2314933,0.65117615,0.0
2021-03-04 00:42:40,4092,0.38998377,0.60851717,0.2314933,0.65117615,0.0
2021-03-04 00:42:40,4101,0.4868282,0.5430846,0.055480827,0.6818939,0.0
2021-03-04 00:42:40,4112,0.4868282,0.5430846,0.055480827,0.6818939,0.0
2021-03-04 00:42:40,4121,0.69997776,0.33467388,-0.22792466,0.5882813,0.0
2021-03-04 00:42:40,4132,0.69997776,0.33467388,-0.22792466,0.5882813,0.0
2021-03-04 00:42:40,4141,0.7459052,0.43491414,-0.047458664,0.50221777,0.0
2021-03-04 00:42:40,4151,0.7459052,0.43491414,-0.047458664,0.50221777,0.0
2021-03-04 00:42:40,4161,0.8108025,0.44961813,0.05785724,0.37026387,0.0
2021-03-04 00:42:40,4171,0.8108025,0.44961813,0.05785724,0.37026387,0.0
2021-03-04 00:42:40,4182,0.8462565,0.44347903,0.09163976,0.2806749,0.0
2021-03-04 00:42:40,4191,0.8462565,0.44347903,0.09163976,0.2806749,0.0
2021-03-04 00:42:40,4202,0.9106072,0.366624,-0.17420556,0.07767711,0.0
2021-03-04 00:42:40,4211,0.9106072,0.366624,-0.17420556,0.07767711,0.0
2021-03-04 00:42:40,4221,-0.86937714,-0.39593315,-0.032252654,0.293905,0.0
2021-03-04 00:42:40,4232,-0.86937714,-0.39593315,-0.032252654,0.293905,0.0
2021-03-04 00:42:40,4241,-0.8533187,-0.3821629,-0.11430782,0.33575657,0.0
2021-03-04 00:42:40,4252,-0.8533187,-0.3821629,-0.11430782,0.33575657,0.0
2021-03-04 00:42:40,4261,-0.86943185,-0.37107864,-0.22849631,0.23276234,0.0
2021-03-04 00:42:40,4272,-0.86943185,-0.37107864,-0.22849631,0.23276234,0.0
2021-03-04 00:42:40,4281,-0.8393183,-0.33235735,-0.34313715,0.25950018,0.0
2021-03-04 00:42:40,4291,-0.8393183,-0.33235735,-0.34313715,0.25950018,0.0
2021-03-04 00:42:40,4301,-0.82270175,-0.31001136,-0.33388358,0.3399655,0.0
2021-03-04 00:42:40,4312,-0.82270175,-0.31001136,-0.33388358,0.3399655,0.0
2021-03-04 00:42:40,4321,-0.82270175,-0.31001136,-0.33388358,0.3399655,0.0
2021-03-04 00:42:40,4331,-0.8209973,-0.308466,-0.29514995,0.37907612,0.0
2021-03-04 00:42:40,4341,-0.823912,-0.311051,-0.25256702,0.40078187,0.0
2021-03-04 00:42:40,4352,-0.823912,-0.311051,-0.25256702,0.40078187,0.0
2021-03-04 00:42:40,4361,-0.823912,-0.311051,-0.25256702,0.40078187,0.0
2021-03-04 00:42:40,4372,-0.82728237,-0.31332412,-0.21491165,0.41381744,0.0
2021-03-04 00:42:40,4381,-0.82728237,-0.31332412,-0.21491165,0.41381744,0.0
2021-03-04 00:42:40,4391,-0.8344453,-0.31781736,-0.1662393,0.41839898,0.0
2021-03-04 00:42:40,4402,-0.8344453,-0.31781736,-0.1662393,0.41839898,0.0
2021-03-04 00:42:40,4411,-0.8480054,-0.32539234,-0.10538606,0.40484616,0.0
2021-03-04 00:42:40,4422,-0.8480054,-0.32539234,-0.10538606,0.40484616,0.0
2021-03-04 00:42:40,4431,-0.8668352,-0.33154958,-0.038540334,0.37038663,0.0
2021-03-04 00:42:40,4441,-0.8668352,-0.33154958,-0.038540334,0.37038663,0.0
2021-03-04 00:42:40,4452,-0.8897379,-0.33100933,0.022792859,0.31349596,0.0
2021-03-04 00:42:40,4461,-0.913347,-0.32576576,0.073254235,0.23304029,0.0
2021-03-04 00:42:40,4471,-0.913347,-0.32576576,0.073254235,0.23304029,0.0
2021-03-04 00:42:40,4481,-0.913347,-0.32576576,0.073254235,0.23304029,0.0
2021-03-04 00:42:40,4492,-0.9295697,-0.31667665,0.11450537,0.15001519,0.0
2021-03-04 00:42:40,4501,-0.9362782,-0.30420217,0.15920343,0.07415096,0.0
2021-03-04 00:42:40,4512,-0.9362782,-0.30420217,0.15920343,0.07415096,0.0
2021-03-04 00:42:40,4521,-0.93625104,-0.28744212,0.20178163,0.009758328,0.0
2021-03-04 00:42:40,4531,-0.93625104,-0.28744212,0.20178163,0.009758328,0.0
2021-03-04 00:42:40,4542,0.9333807,0.2764416,-0.22498141,0.041997653,0.0
2021-03-04 00:42:40,4551,0.9333807,0.2764416,-0.22498141,0.041997653,0.0
2021-03-04 00:42:40,4561,0.93036467,0.2750288,-0.22661243,0.086183414,0.0
2021-03-04 00:42:40,4571,0.93036467,0.2750288,-0.22661243,0.086183414,0.0
2021-03-04 00:42:40,4582,0.92547673,0.2790057,-0.22071381,0.13013104,0.0
2021-03-04 00:42:40,4591,0.92547673,0.2790057,-0.22071381,0.13013104,0.0
2021-03-04 00:42:40,4601,0.91859704,0.28559485,-0.21015438,0.17449993,0.0
2021-03-04 00:42:40,4612,0.91859704,0.28559485,-0.21015438,0.17449993,0.0
2021-03-04 00:42:40,4621,0.91859704,0.28559485,-0.21015438,0.17449993,0.0
2021-03-04 00:42:40,4631,0.9093439,0.2938956,-0.19759367,0.21834794,0.0
2021-03-04 00:42:40,4642,0.89858204,0.30496916,-0.18122609,0.25826576,0.0
2021-03-04 00:42:40,4651,0.89858204,0.30496916,-0.18122609,0.25826576,0.0
2021-03-04 00:42:40,4661,0.88682747,0.31740955,-0.16376105,0.2932073,0.0
2021-03-04 00:42:40,4671,0.88682747,0.31740955,-0.16376105,0.2932073,0.0
2021-03-04 00:42:40,4682,0.88682747,0.31740955,-0.16376105,0.2932073,0.0
2021-03-04 00:42:40,4691,0.8744708,0.33098555,-0.14360903,0.32423124,0.0
2021-03-04 00:42:40,4701,0.8744708,0.33098555,-0.14360903,0.32423124,0.0
2021-03-04 00:42:40,4711,0.8607978,0.34295255,-0.12687865,0.35399503,0.0
2021-03-04 00:42:40,4722,0.8607978,0.34295255,-0.12687865,0.35399503,0.0
2021-03-04 00:42:40,4731,0.8466967,0.35588792,-0.110583134,0.37976292,0.0
2021-03-04 00:42:40,4741,0.8466967,0.35588792,-0.110583134,0.37976292,0.0
2021-03-04 00:42:40,4752,0.8337451,0.3677832,-0.09681392,0.40028945,0.0
2021-03-04 00:42:40,4761,0.8337451,0.3677832,-0.09681392,0.40028945,0.0
2021-03-04 00:42:40,4772,0.82091063,0.37848035,-0.085665315,0.4189508,0.0
2021-03-04 00:42:40,4781,0.82091063,0.37848035,-0.085665315,0.4189508,0.0
2021-03-04 00:42:40,4791,0.80709445,0.3884508,-0.074050285,0.43843022,0.0
2021-03-04 00:42:41,4803,0.80709445,0.3884508,-0.074050285,0.43843022,0.0
2021-03-04 00:42:41,4811,0.79309213,0.39849025,-0.060652163,0.4566527,0.0
2021-03-04 00:42:41,4822,0.79309213,0.39849025,-0.060652163,0.4566527,0.0
2021-03-04 00:42:41,4831,0.77984214,0.40812066,-0.04522176,0.47248146,0.0
2021-03-04 00:42:41,4841,0.77984214,0.40812066,-0.04522176,0.47248146,0.0
2021-03-04 00:42:41,4852,0.7679323,0.41578215,-0.033580422,0.48608384,0.0
2021-03-04 00:42:41,4861,0.7679323,0.41578215,-0.033580422,0.48608384,0.0
2021-03-04 00:42:41,4871,0.75889707,0.42022184,-0.026747843,0.49676296,0.0
2021-03-04 00:42:41,4882,0.75889707,0.42022184,-0.026747843,0.49676296,0.0
2021-03-04 00:42:41,4891,0.7522116,0.4231361,-0.023265887,0.5045714,0.0
2021-03-04 00:42:41,4902,0.7522116,0.4231361,-0.023265887,0.5045714,0.0
2021-03-04 00:42:41,4911,0.74684066,0.42460456,-0.021647215,0.51134276,0.0
2021-03-04 00:42:41,4922,0.74684066,0.42460456,-0.021647215,0.51134276,0.0
2021-03-04 00:42:41,4931,0.7434739,0.42192546,-0.024309829,0.5182997,0.0
2021-03-04 00:42:41,4942,0.7434739,0.42192546,-0.024309829,0.5182997,0.0
2021-03-04 00:42:41,4951,0.7371296,0.4190892,-0.026773322,0.52942175,0.0
2021-03-04 00:42:41,4961,0.7371296,0.4190892,-0.026773322,0.52942175,0.0
2021-03-04 00:42:41,4972,0.72616667,0.42225823,-0.020103667,0.5421953,0.0
2021-03-04 00:42:41,4981,0.72616667,0.42225823,-0.020103667,0.5421953,0.0
2021-03-04 00:42:41,4991,0.7148816,0.4243863,-0.013213589,0.55557716,0.0
2021-03-04 00:42:41,5002,0.7148816,0.4243863,-0.013213589,0.55557716,0.0
2021-03-04 00:42:41,5011,0.6993179,0.42910925,-0.0014555125,0.57167965,0.0
2021-03-04 00:42:41,5022,0.6993179,0.42910925,-0.0014555125,0.57167965,0.0
2021-03-04 00:42:41,5031,0.67662406,0.438638,0.018394168,0.591133,0.0
2021-03-04 00:42:41,5042,0.67662406,0.438638,0.018394168,0.591133,0.0
2021-03-04 00:42:41,5051,0.67662406,0.438638,0.018394168,0.591133,0.0
2021-03-04 00:42:41,5061,0.64560896,0.45393002,0.049849913,0.6120879,0.0
2021-03-04 00:42:41,5071,0.5996828,0.4804342,0.106179684,0.63110167,0.0
2021-03-04 00:42:41,5082,0.5996828,0.4804342,0.106179684,0.63110167,0.0
2021-03-04 00:42:41,5091,0.5477564,0.507955,0.17606083,0.64105165,0.0
2021-03-04 00:42:41,5101,0.5477564,0.507955,0.17606083,0.64105165,0.0
2021-03-04 00:42:41,5112,0.50043184,0.52655655,0.23974644,0.64407134,0.0
2021-03-04 00:42:41,5121,0.50043184,0.52655655,0.23974644,0.64407134,0.0
2021-03-04 00:42:41,5131,0.45989022,0.5379899,0.29610175,0.6413982,0.0
2021-03-04 00:42:41,5142,0.45989022,0.5379899,0.29610175,0.6413982,0.0
2021-03-04 00:42:41,5151,0.42868093,0.54151064,0.3441015,0.63607633,0.0
2021-03-04 00:42:41,5162,0.42868093,0.54151064,0.3441015,0.63607633,0.0
2021-03-04 00:42:41,5171,0.40564606,0.5401003,0.38510892,0.6288355,0.0
2021-03-04 00:42:41,5181,0.40564606,0.5401003,0.38510892,0.6288355,0.0
2021-03-04 00:42:41,5192,0.3924846,0.53401905,0.41265061,0.62489915,0.0
2021-03-04 00:42:41,5201,0.3924846,0.53401905,0.41265061,0.62489915,0.0
2021-03-04 00:42:41,5212,0.37980258,0.5263493,0.44087934,0.61994505,0.0
2021-03-04 00:42:41,5221,0.37980258,0.5263493,0.44087934,0.61994505,0.0
2021-03-04 00:42:41,5231,0.36362892,0.5193804,0.4674728,0.6160253,0.0
2021-03-04 00:42:41,5241,0.36362892,0.5193804,0.4674728,0.6160253,0.0
2021-03-04 00:42:41,5251,0.34180835,0.51225555,0.50116885,0.6079401,0.0
2021-03-04 00:42:41,5262,0.34180835,0.51225555,0.50116885,0.6079401,0.0
2021-03-04 00:42:41,5271,0.32019687,0.5018195,0.53564036,0.59894955,0.0
2021-03-04 00:42:41,5281,0.32019687,0.5018195,0.53564036,0.59894955,0.0
2021-03-04 00:42:41,5292,0.3020726,0.48601338,0.57170886,0.58795583,0.0
2021-03-04 00:42:41,5301,0.3020726,0.48601338,0.57170886,0.58795583,0.0
2021-03-04 00:42:41,5311,0.2828485,0.47036275,0.6067153,0.5750236,0.0
2021-03-04 00:42:41,5322,0.2828485,0.47036275,0.6067153,0.5750236,0.0
2021-03-04 00:42:41,5331,0.27123404,0.4509827,0.6364104,0.5639401,0.0
2021-03-04 00:42:41,5341,0.27123404,0.4509827,0.6364104,0.5639401,0.0
2021-03-04 00:42:41,5351,0.26993367,0.43674484,0.6484016,0.56210774,0.0
2021-03-04 00:42:41,5362,0.26993367,0.43674484,0.6484016,0.56210774,0.0
2021-03-04 00:42:41,5371,0.26993367,0.43674484,0.6484016,0.56210774,0.0
2021-03-04 00:42:41,5381,0.26054898,0.42108473,0.6682245,0.5552278,0.0
2021-03-04 00:42:41,5392,0.2664183,0.41739598,0.66038626,0.56452805,0.0
2021-03-04 00:42:41,5401,0.2664183,0.41739598,0.66038626,0.56452805,0.0
2021-03-04 00:42:41,5412,0.25773653,0.4129382,0.6649225,0.56650865,0.0
2021-03-04 00:42:41,5421,0.25773653,0.4129382,0.6649225,0.56650865,0.0
2021-03-04 00:42:41,5431,0.25105155,0.40847126,0.6684454,0.5685992,0.0
2021-03-04 00:42:41,5442,0.25105155,0.40847126,0.6684454,0.5685992,0.0
2021-03-04 00:42:41,5451,0.2432901,0.4031699,0.67384833,0.569379,0.0
2021-03-04 00:42:41,5462,0.2432901,0.4031699,0.67384833,0.569379,0.0
2021-03-04 00:42:41,5471,0.24305478,0.3983071,0.6735806,0.57320595,0.0
2021-03-04 00:42:41,5482,0.24305478,0.3983071,0.6735806,0.57320595,0.0
2021-03-04 00:42:41,5491,0.23949766,0.39361283,0.6763307,0.57470566,0.0
2021-03-04 00:42:41,5502,0.23949766,0.39361283,0.6763307,0.57470566,0.0
2021-03-04 00:42:41,5513,0.23949766,0.39361283,0.6763307,0.57470566,0.0
2021-03-04 00:42:41,5522,0.23353224,0.3879253,0.6828648,0.5732995,0.0
2021-03-04 00:42:41,5531,0.23353224,0.3879253,0.6828648,0.5732995,0.0
2021-03-04 00:42:41,5541,0.22157323,0.38031504,0.6987793,0.56389123,0.0
2021-03-04 00:42:41,5552,0.21357277,0.3751937,0.7074612,0.5595668,0.0
2021-03-04 00:42:41,5561,0.21357277,0.3751937,0.7074612,0.5595668,0.0
2021-03-04 00:42:41,5571,0.21357277,0.3751937,0.7074612,0.5595668,0.0
2021-03-04 00:42:41,5582,0.20900056,0.3697585,0.71436673,0.5561273,0.0
2021-03-04 00:42:41,5591,0.20420995,0.36265692,0.7233119,0.5509974,0.0
2021-03-04 00:42:41,5601,0.20420995,0.36265692,0.7233119,0.5509974,0.0
2021-03-04 00:42:41,5611,0.20182079,0.35430723,0.731024,0.5471185,0.0
2021-03-04 00:42:41,5621,0.20182079,0.35430723,0.731024,0.5471185,0.0
2021-03-04 00:42:41,5632,0.19862984,0.34613675,0.7406552,0.5405233,0.0
2021-03-04 00:42:41,5641,0.19862984,0.34613675,0.7406552,0.5405233,0.0
2021-03-04 00:42:41,5652,0.19472983,0.33765897,0.75185704,0.5317685,0.0
2021-03-04 00:42:41,5662,0.19472983,0.33765897,0.75185704,0.5317685,0.0
2021-03-04 00:42:41,5671,0.19106917,0.3290147,0.7630916,0.52242994,0.0
2021-03-04 00:42:41,5682,0.19106917,0.3290147,0.7630916,0.52242994,0.0
2021-03-04 00:42:41,5691,0.19106917,0.3290147,0.7630916,0.52242994,0.0
2021-03-04 00:42:41,5701,0.187378,0.3211113,0.7732059,0.5137409,0.0
2021-03-04 00:42:41,5713,0.1845811,0.31388864,0.78221506,0.50551295,0.0
2021-03-04 00:42:41,5721,0.1845811,0.31388864,0.78221506,0.50551295,0.0
2021-03-04 00:42:41,5731,0.18233846,0.30832216,0.78800696,0.5007346,0.0
2021-03-04 00:42:41,5742,0.18233846,0.30832216,0.78800696,0.5007346,0.0
2021-03-04 00:42:41,5751,0.18010232,0.30520362,0.7925142,0.49632162,0.0
2021-03-04 00:42:41,5761,0.18010232,0.30520362,0.7925142,0.49632162,0.0
2021-03-04 00:42:41,5771,0.1784386,0.3030765,0.79626137,0.4922115,0.0
2021-03-04 00:42:41,5782,0.1784386,0.3030765,0.79626137,0.4922115,0.0
2021-03-04 00:42:41,5791,0.17909962,0.30115288,0.7982869,0.48986557,0.0
2021-03-04 00:42:42,5801,0.17909962,0.30115288,0.7982869,0.48986557,0.0
2021-03-04 00:42:42,5812,0.1838513,0.29707947,0.7993344,0.48888338,0.0
2021-03-04 00:42:42,5821,0.1838513,0.29707947,0.7993344,0.48888338,0.0
2021-03-04 00:42:42,5831,0.18392454,0.29645848,0.800317,0.4876237,0.0
2021-03-04 00:42:42,5842,0.18392454,0.29645848,0.800317,0.4876237,0.0
2021-03-04 00:42:42,5851,0.1814124,0.29924795,0.79954445,0.48812798,0.0
2021-03-04 00:42:42,5862,0.1814124,0.29924795,0.79954445,0.48812798,0.0
2021-03-04 00:42:42,5871,0.18011145,0.30250216,0.79806346,0.48902664,0.0
2021-03-04 00:42:42,5881,0.18011145,0.30250216,0.79806346,0.48902664,0.0
2021-03-04 00:42:42,5892,0.18011145,0.30250216,0.79806346,0.48902664,0.0
2021-03-04 00:42:42,5901,0.18033709,0.30383313,0.7977163,0.48868462,0.0
2021-03-04 00:42:42,5911,0.18033709,0.30383313,0.7977163,0.48868462,0.0
2021-03-04 00:42:42,5921,0.18217874,0.30395526,0.79607624,0.49059635,0.0
2021-03-04 00:42:42,5932,0.18217874,0.30395526,0.79607624,0.49059635,0.0
2021-03-04 00:42:42,5941,0.18307339,0.30475742,0.7945965,0.49216202,0.0
2021-03-04 00:42:42,5952,0.18307339,0.30475742,0.7945965,0.49216202,0.0
2021-03-04 00:42:42,5961,0.18358439,0.30590904,0.7935906,0.4928797,0.0
2021-03-04 00:42:42,5973,0.18358439,0.30590904,0.7935906,0.4928797,0.0
2021-03-04 00:42:42,5981,0.1834209,0.3073163,0.79306924,0.49290434,0.0
2021-03-04 00:42:42,5992,0.1834209,0.3073163,0.79306924,0.49290434,0.0
2021-03-04 00:42:42,6001,0.18337189,0.30855808,0.79273844,0.4926788,0.0
2021-03-04 00:42:42,6012,0.18337189,0.30855808,0.79273844,0.4926788,0.0
2021-03-04 00:42:42,6021,0.18217191,0.3091346,0.79383963,0.49098662,0.0
2021-03-04 00:42:42,6031,0.18217191,0.3091346,0.79383963,0.49098662,0.0
2021-03-04 00:42:42,6042,0.18225206,0.30944008,0.7937673,0.49088135,0.0
2021-03-04 00:42:42,6051,0.18225206,0.30944008,0.7937673,0.49088135,0.0
2021-03-04 00:42:42,6061,0.18304631,0.31019756,0.79246885,0.4922039,0.0
2021-03-04 00:42:42,6072,0.18304631,0.31019756,0.79246885,0.4922039,0.0
2021-03-04 00:42:42,6081,0.18277404,0.31038,0.79227036,0.49250942,0.0
2021-03-04 00:42:42,6091,0.18277404,0.31038,0.79227036,0.49250942,0.0
2021-03-04 00:42:42,6102,0.18277404,0.31038,0.79227036,0.49250942,0.0
2021-03-04 00:42:42,6111,0.18277404,0.31038,0.79227036,0.49250942,0.0
2021-03-04 00:42:42,6122,0.18277404,0.31038,0.79227036,0.49250942,0.0
2021-03-04 00:42:42,6131,0.18277404,0.31038,0.79227036,0.49250942,0.0
2021-03-04 00:42:42,6141,0.18277404,0.31038,0.79227036,0.49250942,0.0
2021-03-04 00:42:42,6151,0.18277404,0.31038,0.79227036,0.49250942,0.0
2021-03-04 00:42:42,6161,0.18277404,0.31038,0.79227036,0.49250942,0.0
2021-03-04 00:42:42,6172,0.18277404,0.31038,0.79227036,0.49250942,0.0
2021-03-04 00:42:42,6181,0.18277404,0.31038,0.79227036,0.49250942,0.0
2021-03-04 00:42:42,6191,0.18277404,0.31038,0.79227036,0.49250942,0.0
2021-03-04 00:42:42,6201,0.18277404,0.31038,0.79227036,0.49250942,0.0
2021-03-04 00:42:42,6212,0.18277404,0.31038,0.79227036,0.49250942,0.0
2021-03-04 00:42:42,6221,0.18277404,0.31038,0.79227036,0.49250942,0.0
2021-03-04 00:42:42,6231,0.18277404,0.31038,0.79227036,0.49250942,0.0
2021-03-04 00:42:42,6241,0.18277404,0.31038,0.79227036,0.49250942,0.0
2021-03-04 00:42:42,6251,0.18277404,0.31038,0.79227036,0.49250942,0.0
2021-03-04 00:42:42,6261,0.18277404,0.31038,0.79227036,0.49250942,0.0
2021-03-04 00:42:42,6271,0.18277404,0.31038,0.79227036,0.49250942,0.0
2021-03-04 00:42:42,6281,0.18277404,0.31038,0.79227036,0.49250942,0.0
2021-03-04 00:42:42,6291,0.18277404,0.31038,0.79227036,0.49250942,0.0
2021-03-04 00:42:42,6302,0.18277404,0.31038,0.79227036,0.49250942,0.0
2021-03-04 00:42:42,6311,0.18277404,0.31038,0.79227036,0.49250942,0.0
2021-03-04 00:42:42,6321,0.18277404,0.31038,0.79227036,0.49250942,0.0
2021-03-04 00:42:42,6332,0.18277404,0.31038,0.79227036,0.49250942,0.0
2021-03-04 00:42:42,6341,0.18277404,0.31038,0.79227036,0.49250942,0.0
2021-03-04 00:42:42,6351,0.18277404,0.31038,0.79227036,0.49250942,0.0
2021-03-04 00:42:42,6361,0.18277404,0.31038,0.79227036,0.49250942,0.0
2021-03-04 00:42:42,6372,0.18277404,0.31038,0.79227036,0.49250942,0.0
2021-03-04 00:42:42,6381,0.18277404,0.31038,0.79227036,0.49250942,0.0
2021-03-04 00:42:42,6391,0.18277404,0.31038,0.79227036,0.49250942,0.0
2021-03-04 00:42:42,6401,0.18277404,0.31038,0.79227036,0.49250942,0.0
2021-03-04 00:42:42,6412,0.18277404,0.31038,0.79227036,0.49250942,0.0
