,lr,momentum,batch_size,n1,n2,ks,val_acc,predict_time
0,1.0000000000000003e-05,0.8,48,40,104,60,0.4528301954269409,0.25632691383361816
1,0.010000000000000002,0.8,48,88,112,44,0.9669811129570007,0.258411169052124
2,0.0316227766016838,0.99,80,72,88,52,0.9764150977134705,0.2553858757019043
3,0.00316227766016838,0.95,16,56,120,20,0.9386792182922363,0.30005478858947754
4,3.16227766016838e-05,0.95,16,40,72,12,0.5754716992378235,0.2610461711883545
5,3.16227766016838e-05,0.9,16,88,88,12,0.7877358198165894,0.3036813735961914
6,0.1,0.9,32,8,88,56,0.9198113083839417,0.24436187744140625
7,0.00316227766016838,0.99,16,88,112,28,0.9669811129570007,0.2637176513671875
8,0.0316227766016838,0.99,32,48,24,20,0.9245283007621765,0.25574827194213867
9,0.1,0.99,80,24,80,16,0.9245283007621765,0.2532625198364258
10,3.16227766016838e-05,0.99,80,72,64,36,0.8537735939025879,0.24405217170715332
11,0.010000000000000002,0.9,16,24,112,32,0.9575471878051758,0.2461533546447754
12,0.0010000000000000002,0.95,64,32,8,24,0.9056603908538818,0.24015569686889648
13,0.1,0.95,16,64,112,16,0.9764150977134705,0.2948644161224365
14,3.16227766016838e-05,0.95,80,112,56,52,0.7971698045730591,0.25750064849853516
15,0.1,0.8,64,88,96,16,0.9433962106704712,0.2455730438232422
16,1.0000000000000003e-05,0.9,32,24,24,8,0.1037735864520073,0.24888920783996582
17,0.0010000000000000002,0.99,96,24,112,60,0.9433962106704712,0.25551581382751465
18,0.00010000000000000002,0.8,32,48,80,56,0.7877358198165894,0.2529027462005615
19,3.16227766016838e-05,0.99,64,24,16,60,0.7216981053352356,0.23435354232788086
20,0.0010000000000000002,0.99,16,104,40,52,0.9528301954269409,0.2524385452270508
21,0.1,0.8,80,56,104,44,0.9669811129570007,0.2479093074798584
22,0.0010000000000000002,0.95,48,120,32,20,0.948113203048706,0.2685890197753906
23,3.1622776601683805e-06,0.8,48,112,88,52,0.2641509473323822,0.2411487102508545
24,0.0010000000000000002,0.99,96,80,56,56,0.9528301954269409,0.24765586853027344
25,0.1,0.9,32,104,24,8,0.9198113083839417,0.2625107765197754
26,0.1,0.9,16,64,96,16,0.9528301954269409,0.27632641792297363
27,0.00010000000000000002,0.95,96,112,40,4,0.33018869161605835,0.28360915184020996
28,3.16227766016838e-05,0.99,48,48,48,56,0.8773584961891174,0.24192547798156738
29,0.0010000000000000002,0.8,32,16,112,12,0.8679245114326477,0.25596189498901367
30,0.0316227766016838,0.95,64,40,8,48,0.9339622855186462,0.24323415756225586
31,0.0316227766016838,0.8,48,8,80,52,0.948113203048706,0.23729515075683594
32,0.010000000000000002,0.99,80,88,104,40,0.9528301954269409,0.2668600082397461
33,0.010000000000000002,0.8,16,48,72,16,0.9575471878051758,0.23149442672729492
34,0.000316227766016838,0.9,64,88,120,12,0.8349056839942932,0.2363739013671875
35,1.0000000000000003e-05,0.99,96,16,80,44,0.6839622855186462,0.24600577354431152
36,3.16227766016838e-05,0.95,16,56,120,44,0.8584905862808228,0.24557018280029297
37,0.010000000000000002,0.95,96,40,80,48,0.9339622855186462,0.2323906421661377
38,0.010000000000000002,0.95,64,16,64,24,0.9575471878051758,0.24291324615478516
39,0.1,0.95,48,48,120,52,0.9198113083839417,0.24152159690856934
40,3.1622776601683805e-06,0.8,48,16,56,16,0.1603773534297943,0.24788141250610352
41,0.010000000000000002,0.99,80,104,64,56,0.948113203048706,0.25500965118408203
42,3.1622776601683805e-06,0.99,64,104,48,32,0.7075471878051758,0.2593510150909424
43,3.1622776601683805e-06,0.8,16,120,96,56,0.599056601524353,0.2666134834289551
44,0.0010000000000000002,0.99,64,40,72,36,0.9433962106704712,0.24750328063964844
45,3.16227766016838e-05,0.95,32,96,56,12,0.7405660152435303,0.2894914150238037
46,0.0316227766016838,0.99,80,72,48,16,0.9575471878051758,0.27076292037963867
47,3.1622776601683805e-06,0.9,64,64,24,60,0.49528300762176514,0.2518928050994873
48,0.00316227766016838,0.9,64,56,64,40,0.9433962106704712,0.23337292671203613
49,0.0316227766016838,0.8,96,104,120,24,0.9386792182922363,0.26230835914611816
50,0.00010000000000000002,0.95,16,48,40,12,0.8584905862808228,0.25579118728637695
51,0.0316227766016838,0.95,64,40,8,4,0.8820754885673523,0.2490088939666748
52,0.00316227766016838,0.95,48,40,40,60,0.948113203048706,0.23456645011901855
53,0.1,0.95,64,64,8,56,0.9622641801834106,0.23936057090759277
54,3.1622776601683805e-06,0.99,80,104,8,24,0.6556603908538818,0.24462008476257324
55,0.000316227766016838,0.99,48,72,64,60,0.9528301954269409,0.2525444030761719
56,3.1622776601683805e-06,0.99,32,8,88,20,0.599056601524353,0.25507330894470215
57,0.000316227766016838,0.95,32,24,96,32,0.9103773832321167,0.24119877815246582
58,0.0010000000000000002,0.99,64,16,72,44,0.9386792182922363,0.2402346134185791
59,0.0316227766016838,0.95,16,32,48,4,0.9292452931404114,0.2559628486633301
60,0.00316227766016838,0.95,80,64,24,12,0.9433962106704712,0.25628113746643066
61,0.000316227766016838,0.99,48,120,120,56,0.9575471878051758,0.2572753429412842
62,0.010000000000000002,0.99,96,96,32,24,0.9528301954269409,0.2412583827972412
63,3.1622776601683805e-06,0.8,80,88,88,24,0.1462264209985733,0.27628254890441895
64,0.00010000000000000002,0.9,64,72,40,16,0.7547169923782349,0.26483964920043945
65,0.000316227766016838,0.9,64,72,48,24,0.8349056839942932,0.25932765007019043
66,0.00010000000000000002,0.8,32,96,24,60,0.698113203048706,0.25188517570495605
67,0.1,0.95,64,88,104,36,0.9528301954269409,0.26337242126464844
68,0.000316227766016838,0.95,96,16,32,24,0.7735849022865295,0.24124383926391602
69,0.0010000000000000002,0.9,16,112,48,32,0.9386792182922363,0.267747163772583
70,0.00010000000000000002,0.99,80,8,48,32,0.8113207817077637,0.2445697784423828
71,0.000316227766016838,0.95,16,32,112,32,0.9386792182922363,0.25432705879211426
72,0.0010000000000000002,0.95,32,88,32,44,0.948113203048706,0.2419588565826416
73,0.1,0.99,80,56,96,4,0.9150943160057068,0.2829618453979492
74,3.16227766016838e-05,0.8,80,120,32,4,0.23113207519054413,0.2564201354980469
75,0.000316227766016838,0.99,96,40,104,24,0.900943398475647,0.2553751468658447
76,0.000316227766016838,0.95,64,24,32,12,0.7405660152435303,0.247938871383667
77,0.010000000000000002,0.95,96,72,112,4,0.9056603908538818,0.23654532432556152
78,0.0010000000000000002,0.9,96,40,8,40,0.8254716992378235,0.23763632774353027
79,3.16227766016838e-05,0.8,48,88,24,16,0.4433962404727936,0.246262788772583
80,0.00010000000000000002,0.9,96,88,80,56,0.8443396091461182,0.25403428077697754
81,0.1,0.9,80,88,24,4,0.9150943160057068,0.2591829299926758
82,0.00010000000000000002,0.99,16,40,8,12,0.9103773832321167,0.24663686752319336
83,0.0010000000000000002,0.95,64,40,24,28,0.9245283007621765,0.2512335777282715
84,0.0316227766016838,0.9,32,16,72,4,0.9245283007621765,0.253037691116333
85,3.1622776601683805e-06,0.8,16,8,8,60,0.2688679099082947,0.24259471893310547
86,0.1,0.99,96,16,96,24,0.9528301954269409,0.23566675186157227
87,3.1622776601683805e-06,0.95,16,24,48,32,0.4716981053352356,0.24448561668395996
88,1.0000000000000003e-05,0.8,80,72,104,4,0.43396225571632385,0.2821519374847412
89,3.1622776601683805e-06,0.95,64,112,24,4,0.4150943458080292,0.25475025177001953
90,0.1,0.9,48,112,48,60,0.9528301954269409,0.25441455841064453
91,0.0316227766016838,0.95,16,40,64,56,0.948113203048706,0.25166869163513184
92,3.16227766016838e-05,0.8,32,104,88,60,0.8254716992378235,0.2606682777404785
93,0.0316227766016838,0.9,64,120,48,28,0.9669811129570007,0.25240278244018555
94,0.010000000000000002,0.95,64,72,24,24,0.9245283007621765,0.2372884750366211
95,0.000316227766016838,0.95,96,32,56,40,0.8679245114326477,0.24563264846801758
96,1.0000000000000003e-05,0.95,48,8,72,60,0.31603774428367615,0.23410844802856445
97,0.0316227766016838,0.99,96,16,72,44,0.9433962106704712,0.22509074211120605
98,0.1,0.99,96,16,8,20,0.9433962106704712,0.2364823818206787
99,0.00010000000000000002,0.9,64,88,40,36,0.6603773832321167,0.24533796310424805
100,0.00316227766016838,0.8,80,104,16,48,0.9245283007621765,0.25072526931762695
101,0.00010000000000000002,0.8,80,72,96,8,0.21698112785816193,0.3081233501434326
102,0.00010000000000000002,0.95,64,48,8,32,0.75,0.24843478202819824
103,1.0000000000000003e-05,0.9,32,56,96,44,0.7452830076217651,0.25322604179382324
104,0.1,0.95,48,96,40,12,0.9386792182922363,0.267822265625
105,0.010000000000000002,0.9,32,80,16,56,0.9575471878051758,0.24280571937561035
106,0.0316227766016838,0.8,96,80,120,40,0.9622641801834106,0.2622971534729004
107,0.00316227766016838,0.8,16,64,48,4,0.9198113083839417,0.26323461532592773
108,0.0316227766016838,0.99,64,32,96,44,0.9575471878051758,0.23482012748718262
109,0.0010000000000000002,0.95,64,80,32,40,0.9386792182922363,0.24136781692504883
110,0.0316227766016838,0.8,16,48,96,48,0.9669811129570007,0.25147342681884766
111,0.1,0.99,64,32,48,56,0.9528301954269409,0.25080275535583496
112,0.00316227766016838,0.95,48,96,120,12,0.9528301954269409,0.24074125289916992
113,0.010000000000000002,0.95,64,24,72,24,0.9716981053352356,0.24326491355895996
114,0.010000000000000002,0.99,64,24,56,60,0.9622641801834106,0.23989534378051758
115,0.00010000000000000002,0.95,80,48,56,20,0.7735849022865295,0.26625776290893555
116,0.1,0.99,96,40,24,12,0.9386792182922363,0.24305057525634766
117,0.00010000000000000002,0.9,64,80,40,12,0.7452830076217651,0.25754642486572266
118,0.010000000000000002,0.95,80,80,104,40,0.9669811129570007,0.24811315536499023
119,3.16227766016838e-05,0.95,96,8,24,48,0.31603774428367615,0.24373364448547363
120,3.16227766016838e-05,0.95,16,96,8,20,0.5801886916160583,0.2508203983306885
121,3.1622776601683805e-06,0.8,48,80,80,36,0.2075471729040146,0.2530367374420166
122,0.0010000000000000002,0.95,48,88,80,60,0.948113203048706,0.2670860290527344
123,0.0316227766016838,0.9,64,16,96,52,0.948113203048706,0.23909568786621094
124,0.0010000000000000002,0.95,64,120,64,48,0.9528301954269409,0.2605419158935547
125,1.0000000000000003e-05,0.99,32,88,112,12,0.7877358198165894,0.24143552780151367
126,0.010000000000000002,0.8,32,72,56,24,0.9622641801834106,0.24686241149902344
127,0.010000000000000002,0.9,64,72,120,16,0.9575471878051758,0.23820734024047852
128,0.0316227766016838,0.8,32,112,112,60,0.9528301954269409,0.2572765350341797
129,0.0010000000000000002,0.9,64,120,72,12,0.8820754885673523,0.24322104454040527
130,1.0000000000000003e-05,0.99,32,8,32,40,0.7783018946647644,0.24532341957092285
131,0.0010000000000000002,0.99,32,88,48,28,0.9433962106704712,0.24811172485351562
132,3.1622776601683805e-06,0.99,64,120,104,60,0.8301886916160583,0.2651524543762207
133,0.0316227766016838,0.95,80,96,40,8,0.9528301954269409,0.2699623107910156
134,0.010000000000000002,0.9,32,16,96,60,0.9575471878051758,0.23964834213256836
135,0.00316227766016838,0.95,48,104,48,16,0.948113203048706,0.26710081100463867
136,3.1622776601683805e-06,0.8,96,80,120,36,0.15566037595272064,0.2518961429595947
137,0.00010000000000000002,0.95,96,96,24,8,0.650943398475647,0.24618196487426758
138,0.00010000000000000002,0.8,16,48,24,12,0.7264150977134705,0.2442483901977539
139,0.000316227766016838,0.8,32,56,120,8,0.7971698045730591,0.28496694564819336
140,0.000316227766016838,0.9,16,112,64,32,0.9150943160057068,0.2510406970977783
141,0.000316227766016838,0.95,48,32,40,12,0.8301886916160583,0.24673914909362793
142,3.16227766016838e-05,0.99,96,32,40,48,0.849056601524353,0.23790454864501953
143,3.1622776601683805e-06,0.95,32,64,120,56,0.6886792182922363,0.26484155654907227
144,0.000316227766016838,0.9,64,56,88,36,0.8867924809455872,0.25280332565307617
145,0.00010000000000000002,0.95,96,32,80,28,0.7547169923782349,0.2586638927459717
146,1.0000000000000003e-05,0.99,16,80,56,60,0.8915094137191772,0.2569108009338379
147,0.000316227766016838,0.99,48,88,56,44,0.948113203048706,0.24867510795593262
148,1.0000000000000003e-05,0.99,32,104,64,20,0.7971698045730591,0.2931051254272461
149,3.16227766016838e-05,0.9,16,56,112,16,0.7594339847564697,0.2916984558105469
150,1.0000000000000003e-05,0.95,48,112,56,16,0.5,0.29006028175354004
151,3.16227766016838e-05,0.9,48,16,104,4,0.6132075190544128,0.2541487216949463
152,1.0000000000000003e-05,0.95,80,96,112,56,0.8160377144813538,0.2658231258392334
153,0.010000000000000002,0.9,64,104,56,40,0.9622641801834106,0.25606441497802734
154,0.00010000000000000002,0.99,32,104,24,24,0.9245283007621765,0.23806214332580566
155,0.0316227766016838,0.95,96,56,24,32,0.9669811129570007,0.24368691444396973
156,0.010000000000000002,0.9,32,40,112,56,0.9575471878051758,0.24640846252441406
157,0.010000000000000002,0.99,96,72,64,24,0.9528301954269409,0.24286174774169922
158,0.1,0.9,32,72,24,32,0.9575471878051758,0.2536604404449463
159,0.00010000000000000002,0.99,32,104,32,12,0.9056603908538818,0.278247594833374
160,3.16227766016838e-05,0.99,80,88,120,44,0.8867924809455872,0.25363612174987793
161,1.0000000000000003e-05,0.8,32,72,8,24,0.25943395495414734,0.23717451095581055
162,0.010000000000000002,0.8,96,104,40,20,0.9245283007621765,0.26125264167785645
163,3.1622776601683805e-06,0.9,80,104,24,36,0.2641509473323822,0.26385045051574707
164,0.1,0.99,48,48,48,48,0.948113203048706,0.23575520515441895
165,0.00316227766016838,0.95,48,32,120,60,0.948113203048706,0.27294015884399414
166,3.16227766016838e-05,0.9,64,96,24,28,0.4150943458080292,0.2612152099609375
167,0.000316227766016838,0.99,32,48,32,36,0.948113203048706,0.25472259521484375
168,0.000316227766016838,0.9,96,48,80,44,0.8396226167678833,0.25203704833984375
169,1.0000000000000003e-05,0.9,96,24,120,20,0.33018869161605835,0.2643277645111084
170,0.1,0.99,64,112,40,4,0.9150943160057068,0.23214197158813477
171,0.000316227766016838,0.9,32,104,80,4,0.8349056839942932,0.24421000480651855
172,0.010000000000000002,0.95,96,72,48,36,0.9575471878051758,0.23972201347351074
173,0.000316227766016838,0.95,32,24,88,44,0.9150943160057068,0.24854803085327148
174,0.1,0.95,32,40,80,60,0.9528301954269409,0.24514412879943848
175,0.1,0.99,32,16,24,36,0.9245283007621765,0.24384260177612305
176,0.00316227766016838,0.99,32,72,48,24,0.9528301954269409,0.24148988723754883
177,0.010000000000000002,0.95,48,80,56,32,0.9669811129570007,0.2533717155456543
178,0.0316227766016838,0.9,80,56,48,16,0.9433962106704712,0.24948906898498535
179,0.010000000000000002,0.99,48,112,16,40,0.9622641801834106,0.23946142196655273
180,0.0316227766016838,0.8,64,120,64,48,0.9622641801834106,0.2347118854522705
181,3.16227766016838e-05,0.95,64,88,64,56,0.7735849022865295,0.2425670623779297
182,0.010000000000000002,0.95,80,16,112,52,0.9433962106704712,0.23592519760131836
183,3.1622776601683805e-06,0.8,16,24,8,20,0.3113207519054413,0.24288368225097656
184,0.010000000000000002,0.95,32,56,40,52,0.9622641801834106,0.24671506881713867
185,0.1,0.8,80,96,40,8,0.9622641801834106,0.22419285774230957
186,3.16227766016838e-05,0.95,16,120,64,60,0.8915094137191772,0.25381994247436523
187,0.0316227766016838,0.95,80,80,104,56,0.9669811129570007,0.25042104721069336
188,3.16227766016838e-05,0.95,32,32,40,44,0.7877358198165894,0.26276230812072754
189,3.16227766016838e-05,0.9,48,72,80,16,0.5377358198165894,0.286052942276001
190,0.0316227766016838,0.99,96,32,16,16,0.9575471878051758,0.24709510803222656
191,3.16227766016838e-05,0.99,64,112,120,28,0.8726415038108826,0.2721898555755615
192,1.0000000000000003e-05,0.95,96,16,88,56,0.34433960914611816,0.24370121955871582
193,1.0000000000000003e-05,0.95,80,88,104,40,0.5707547068595886,0.23244380950927734
194,0.0316227766016838,0.99,80,80,40,52,0.9528301954269409,0.24996447563171387
195,1.0000000000000003e-05,0.95,48,48,64,60,0.8066037893295288,0.25306153297424316
196,0.1,0.9,32,32,80,16,0.9575471878051758,0.2569870948791504
197,0.00316227766016838,0.9,16,56,64,8,0.9339622855186462,0.2677938938140869
198,0.0010000000000000002,0.95,80,24,96,28,0.9103773832321167,0.24695801734924316
199,3.16227766016838e-05,0.8,64,112,112,52,0.7830188870429993,0.26094722747802734
200,0.0316227766016838,0.9,16,48,48,60,0.9622641801834106,0.24373269081115723
201,0.0010000000000000002,0.99,64,88,80,60,0.948113203048706,0.22710418701171875
202,0.0316227766016838,0.95,16,96,16,28,0.9386792182922363,0.24649930000305176
203,3.1622776601683805e-06,0.9,80,112,56,28,0.24056604504585266,0.24620389938354492
204,0.0010000000000000002,0.99,48,120,24,16,0.9292452931404114,0.26806163787841797
205,3.1622776601683805e-06,0.9,80,8,112,20,0.33018869161605835,0.24292516708374023
206,0.0316227766016838,0.8,64,80,56,40,0.9433962106704712,0.2444007396697998
207,0.00010000000000000002,0.9,32,8,48,4,0.3820754587650299,0.24492573738098145
208,1.0000000000000003e-05,0.8,96,8,64,32,0.1320754736661911,0.22865056991577148
209,0.0316227766016838,0.9,32,96,24,28,0.9575471878051758,0.23088645935058594
210,1.0000000000000003e-05,0.8,64,24,64,56,0.2971698045730591,0.24685096740722656
211,0.000316227766016838,0.8,16,120,88,20,0.8867924809455872,0.2414264678955078
212,0.0010000000000000002,0.95,48,48,24,52,0.9433962106704712,0.2657346725463867
213,1.0000000000000003e-05,0.9,16,32,104,12,0.5283018946647644,0.27057719230651855
214,0.000316227766016838,0.95,64,112,64,24,0.8867924809455872,0.2635180950164795
215,0.0316227766016838,0.8,64,32,48,28,0.9575471878051758,0.24551129341125488
216,0.0010000000000000002,0.95,48,16,80,36,0.9198113083839417,0.248030424118042
217,1.0000000000000003e-05,0.95,96,112,64,16,0.6084905862808228,0.2834765911102295
218,1.0000000000000003e-05,0.95,64,96,64,44,0.7688679099082947,0.26014065742492676
219,0.00010000000000000002,0.95,64,72,48,20,0.801886796951294,0.2661597728729248
220,3.1622776601683805e-06,0.99,96,48,40,44,0.6556603908538818,0.2416846752166748
221,0.0316227766016838,0.99,32,96,120,40,0.9528301954269409,0.2662475109100342
222,0.010000000000000002,0.99,96,40,96,4,0.9103773832321167,0.2571897506713867
223,0.010000000000000002,0.8,48,64,56,32,0.9575471878051758,0.26032233238220215
224,0.000316227766016838,0.95,96,120,112,4,0.801886796951294,0.2392125129699707
225,0.00316227766016838,0.95,16,120,112,12,0.9622641801834106,0.23660612106323242
226,0.00316227766016838,0.8,96,64,88,32,0.9103773832321167,0.2398209571838379
227,0.1,0.8,48,40,48,48,0.9528301954269409,0.24247288703918457
228,3.1622776601683805e-06,0.99,48,120,16,24,0.7264150977134705,0.2520740032196045
229,3.16227766016838e-05,0.9,80,88,72,4,0.5754716992378235,0.2825005054473877
230,1.0000000000000003e-05,0.9,64,72,72,32,0.6698113083839417,0.24395346641540527
231,3.1622776601683805e-06,0.99,80,40,16,36,0.6084905862808228,0.23500370979309082
232,3.16227766016838e-05,0.9,64,88,48,8,0.6886792182922363,0.2681417465209961
233,0.0010000000000000002,0.9,48,32,24,56,0.9198113083839417,0.23857927322387695
234,0.000316227766016838,0.9,64,64,40,52,0.8867924809455872,0.24673771858215332
235,0.00316227766016838,0.99,16,40,48,32,0.9622641801834106,0.2519114017486572
236,0.00316227766016838,0.8,80,40,48,40,0.9103773832321167,0.2383880615234375
237,3.1622776601683805e-06,0.95,16,72,24,32,0.6603773832321167,0.25557637214660645
238,0.000316227766016838,0.8,32,80,112,20,0.8349056839942932,0.2625148296356201
239,0.0316227766016838,0.95,16,72,96,56,0.9575471878051758,0.26247119903564453
240,1.0000000000000003e-05,0.99,80,104,80,28,0.7688679099082947,0.2660665512084961
241,0.0010000000000000002,0.9,96,112,16,52,0.9056603908538818,0.23984217643737793
242,0.1,0.9,32,8,72,12,0.9056603908538818,0.25412726402282715
243,0.1,0.9,80,88,56,60,0.9339622855186462,0.24142718315124512
244,0.00316227766016838,0.8,96,24,24,56,0.8915094137191772,0.24000144004821777
245,3.1622776601683805e-06,0.8,96,72,48,16,0.18867924809455872,0.23496460914611816
246,3.1622776601683805e-06,0.95,64,80,64,48,0.27358490228652954,0.254533052444458
247,0.00316227766016838,0.99,16,40,72,36,0.9669811129570007,0.23861956596374512
248,0.00316227766016838,0.99,16,72,16,32,0.9575471878051758,0.24672245979309082
249,0.1,0.9,80,40,88,24,0.9528301954269409,0.24557113647460938
250,0.0010000000000000002,0.8,32,8,120,44,0.9056603908538818,0.24160456657409668
251,0.010000000000000002,0.9,80,96,40,36,0.9386792182922363,0.2483677864074707
252,0.000316227766016838,0.99,96,16,112,60,0.9198113083839417,0.23842406272888184
253,3.1622776601683805e-06,0.99,16,56,40,60,0.7688679099082947,0.2508814334869385
254,0.1,0.99,16,112,64,12,0.7641509175300598,0.29403185844421387
255,3.1622776601683805e-06,0.8,16,96,40,4,0.2216981202363968,0.27507853507995605
256,3.1622776601683805e-06,0.8,32,32,96,36,0.25,0.2433469295501709
257,0.0316227766016838,0.9,48,24,32,24,0.9245283007621765,0.23514509201049805
258,0.010000000000000002,0.9,80,88,32,60,0.948113203048706,0.23984789848327637
259,0.00316227766016838,0.99,64,80,40,24,0.9622641801834106,0.2536435127258301
260,0.00316227766016838,0.9,48,112,80,32,0.9528301954269409,0.24691390991210938
261,0.1,0.95,80,48,120,52,0.9339622855186462,0.22808408737182617
262,0.010000000000000002,0.9,48,32,40,40,0.9433962106704712,1.1889739036560059
263,3.16227766016838e-05,0.8,48,104,112,20,0.7688679099082947,0.2579782009124756
264,0.000316227766016838,0.8,32,56,72,52,0.8962264060974121,0.2570328712463379
265,0.010000000000000002,0.9,96,24,104,44,0.948113203048706,0.25225019454956055
266,1.0000000000000003e-05,0.8,16,40,16,28,0.23113207519054413,0.24722743034362793
267,0.0316227766016838,0.95,64,120,104,24,0.9669811129570007,0.2600588798522949
268,0.010000000000000002,0.95,64,112,104,48,0.9669811129570007,0.2697317600250244
269,1.0000000000000003e-05,0.95,48,32,88,8,0.44811320304870605,0.2682950496673584
270,0.0316227766016838,0.9,32,56,64,48,0.9622641801834106,0.24444270133972168
271,3.16227766016838e-05,0.95,64,8,56,20,0.6084905862808228,0.24875640869140625
272,0.1,0.9,80,88,32,8,0.9292452931404114,0.25593113899230957
273,3.16227766016838e-05,0.99,32,48,16,36,0.8679245114326477,0.2434406280517578
274,0.000316227766016838,0.9,64,112,80,24,0.8537735939025879,0.252133846282959
275,0.00010000000000000002,0.8,64,32,96,56,0.7547169923782349,0.24045801162719727
276,0.000316227766016838,0.95,48,80,56,24,0.8915094137191772,0.2411508560180664
277,0.00010000000000000002,0.8,32,40,8,60,0.7169811129570007,0.2354261875152588
278,3.16227766016838e-05,0.95,48,56,112,36,0.75,0.24900078773498535
279,0.010000000000000002,0.95,96,88,48,24,0.9575471878051758,0.24750947952270508
280,0.0316227766016838,0.9,16,120,32,44,0.9716981053352356,0.25816798210144043
281,0.000316227766016838,0.95,64,120,96,24,0.8915094137191772,0.24808597564697266
282,0.0010000000000000002,0.8,16,104,104,36,0.9433962106704712,0.2561185359954834
283,0.00316227766016838,0.99,96,88,64,20,0.9433962106704712,0.28609275817871094
284,1.0000000000000003e-05,0.9,96,104,64,36,0.2688679099082947,0.24954581260681152
285,0.00010000000000000002,0.9,48,120,32,56,0.801886796951294,0.2426471710205078
286,0.000316227766016838,0.99,96,56,16,16,0.8820754885673523,0.24416017532348633
287,1.0000000000000003e-05,0.99,96,120,8,12,0.33018869161605835,0.2389664649963379
288,0.000316227766016838,0.99,80,96,80,28,0.9386792182922363,0.2503840923309326
289,0.010000000000000002,0.8,64,120,72,40,0.948113203048706,1.2735567092895508
290,0.0316227766016838,0.8,80,112,112,28,0.9575471878051758,0.2762722969055176
291,0.010000000000000002,0.99,96,104,88,56,0.9433962106704712,0.2614295482635498
292,0.010000000000000002,0.95,80,64,40,16,0.8962264060974121,0.2655203342437744
293,0.00010000000000000002,0.9,16,64,56,44,0.8679245114326477,0.25914692878723145
294,0.000316227766016838,0.8,48,8,96,48,0.7830188870429993,0.2443091869354248
295,0.1,0.95,32,88,80,28,0.9622641801834106,0.2564990520477295
296,3.1622776601683805e-06,0.8,16,88,32,24,0.23113207519054413,0.24802374839782715
297,3.16227766016838e-05,0.99,96,24,56,56,0.849056601524353,0.2465684413909912
298,0.00010000000000000002,0.95,32,56,24,24,0.8254716992378235,0.24656152725219727
299,3.1622776601683805e-06,0.95,80,56,120,28,0.35849055647850037,0.25609779357910156
300,0.00010000000000000002,0.9,96,48,64,24,0.6273584961891174,0.2496657371520996
301,0.1,0.9,16,40,72,28,0.9764150977134705,0.2434074878692627
302,3.16227766016838e-05,0.8,80,88,88,40,0.6603773832321167,0.24515700340270996
303,0.00010000000000000002,0.95,64,104,112,56,0.8726415038108826,0.2582876682281494
304,0.00010000000000000002,0.8,48,24,96,4,0.6084905862808228,0.25748634338378906
305,0.0316227766016838,0.95,16,88,104,4,0.9433962106704712,0.24061799049377441
306,0.1,0.95,64,32,120,52,0.9669811129570007,0.25235509872436523
307,1.0000000000000003e-05,0.8,96,16,32,60,0.2358490526676178,0.23801398277282715
308,3.1622776601683805e-06,0.99,48,56,112,20,0.6556603908538818,0.27820467948913574
309,0.0010000000000000002,0.8,16,96,48,24,0.9292452931404114,0.24657750129699707
310,0.1,0.95,96,8,104,60,0.9433962106704712,0.24076485633850098
311,0.1,0.9,48,120,64,60,0.9716981053352356,0.23263907432556152
312,0.1,0.8,32,8,64,8,0.9339622855186462,0.24769377708435059
313,0.0316227766016838,0.9,80,16,48,16,0.948113203048706,0.24826431274414062
314,3.1622776601683805e-06,0.99,64,40,104,8,0.19811320304870605,0.27228212356567383
315,0.1,0.9,80,112,104,4,0.9245283007621765,0.23704934120178223
316,3.16227766016838e-05,0.95,96,104,80,20,0.7122641801834106,0.23671770095825195
317,3.1622776601683805e-06,0.95,96,16,88,12,0.1603773534297943,1.2716732025146484
318,3.1622776601683805e-06,0.95,80,32,56,60,0.3396226465702057,0.26129913330078125
319,0.000316227766016838,0.9,48,32,56,20,0.8207547068595886,0.27341318130493164
320,0.010000000000000002,0.99,32,120,96,56,0.9528301954269409,0.24307823181152344
321,0.010000000000000002,0.8,96,32,88,32,0.9339622855186462,0.24733495712280273
322,0.0010000000000000002,0.95,64,80,40,8,0.8867924809455872,0.25737714767456055
323,0.0010000000000000002,0.99,48,64,56,16,0.9528301954269409,0.2672004699707031
324,0.0316227766016838,0.99,80,104,112,28,0.948113203048706,0.2537214756011963
325,1.0000000000000003e-05,0.8,48,120,88,52,0.6226415038108826,0.26537299156188965
326,0.1,0.8,32,40,32,40,0.9528301954269409,0.2418053150177002
327,1.0000000000000003e-05,0.9,64,24,96,12,0.18396227061748505,0.25284504890441895
328,0.010000000000000002,0.95,16,8,112,40,0.948113203048706,0.24059534072875977
329,3.16227766016838e-05,0.99,96,72,64,44,0.8207547068595886,0.24787664413452148
330,0.0316227766016838,0.9,64,8,40,60,0.9433962106704712,0.23722600936889648
331,0.0010000000000000002,0.95,16,32,72,28,0.9528301954269409,0.24295711517333984
332,0.0316227766016838,0.8,16,120,40,44,0.9669811129570007,0.24829792976379395
333,3.1622776601683805e-06,0.8,64,48,32,4,0.21698112785816193,0.25084590911865234
334,0.00010000000000000002,0.95,32,16,112,60,0.8867924809455872,0.2281322479248047
335,1.0000000000000003e-05,0.95,64,16,24,44,0.25471699237823486,0.23572635650634766
336,0.000316227766016838,0.9,48,48,88,40,0.8962264060974121,0.23604750633239746
337,0.00316227766016838,0.95,48,88,8,48,0.9198113083839417,0.24826765060424805
338,0.000316227766016838,0.8,32,112,96,20,0.8443396091461182,0.24187159538269043
339,0.00010000000000000002,0.9,32,56,104,40,0.8443396091461182,0.24733233451843262
340,0.000316227766016838,0.99,32,32,72,36,0.9433962106704712,0.23868560791015625
341,0.0010000000000000002,0.99,32,48,72,8,0.9339622855186462,0.26856327056884766
342,0.0010000000000000002,0.95,48,104,72,24,0.948113203048706,0.2441556453704834
343,0.00010000000000000002,0.9,16,24,40,8,0.7264150977134705,0.24559664726257324
344,0.0316227766016838,0.95,64,88,48,32,0.9528301954269409,0.24494695663452148
345,3.1622776601683805e-06,0.99,96,64,64,20,0.36320754885673523,0.26963353157043457
346,0.0010000000000000002,0.8,96,40,112,12,0.8160377144813538,0.2908635139465332
347,0.0010000000000000002,0.9,80,40,32,12,0.8537735939025879,0.26129746437072754
348,3.1622776601683805e-06,0.95,32,120,120,36,0.5566037893295288,0.2773857116699219
349,0.000316227766016838,0.95,48,40,80,8,0.8396226167678833,0.26611781120300293
350,0.0316227766016838,0.9,48,48,88,44,0.9622641801834106,0.25394606590270996
351,3.1622776601683805e-06,0.8,32,96,48,16,0.24528302252292633,0.2836463451385498
352,3.16227766016838e-05,0.99,48,56,80,36,0.8726415038108826,0.2476058006286621
353,3.1622776601683805e-06,0.95,32,112,64,60,0.650943398475647,0.2566859722137451
354,0.000316227766016838,0.95,64,24,64,12,0.8207547068595886,0.24827289581298828
355,0.0010000000000000002,0.95,64,80,56,36,0.9245283007621765,0.2451932430267334
356,0.00316227766016838,0.99,16,48,72,44,0.9622641801834106,0.24415922164916992
357,0.000316227766016838,0.8,80,32,48,56,0.8207547068595886,0.2341625690460205
358,0.1,0.8,16,72,40,32,0.9716981053352356,0.24779844284057617
359,1.0000000000000003e-05,0.95,16,40,8,20,0.4433962404727936,0.24686169624328613
360,0.0316227766016838,0.95,80,8,120,8,0.9245283007621765,0.2431652545928955
361,0.000316227766016838,0.99,16,112,80,36,0.9622641801834106,0.2575836181640625
362,0.1,0.95,96,80,8,48,0.9622641801834106,0.23631548881530762
363,3.16227766016838e-05,0.9,96,120,64,56,0.6933962106704712,0.24879813194274902
364,3.1622776601683805e-06,0.9,64,112,72,16,0.38679245114326477,0.23295187950134277
365,0.0010000000000000002,0.8,32,120,64,32,0.9103773832321167,0.2684638500213623
366,0.0010000000000000002,0.99,96,64,24,32,0.9103773832321167,0.23646926879882812
367,0.0316227766016838,0.99,80,88,24,8,0.9245283007621765,0.24751830101013184
368,0.1,0.8,80,40,104,56,0.9575471878051758,0.24155664443969727
369,0.1,0.95,32,32,40,44,0.948113203048706,0.22930216789245605
370,3.1622776601683805e-06,0.8,96,64,104,20,0.15566037595272064,0.276050329208374
371,0.0010000000000000002,0.9,48,96,32,16,0.8820754885673523,0.2509887218475342
372,0.000316227766016838,0.8,80,8,16,8,0.39150944352149963,0.2342996597290039
373,0.0316227766016838,0.9,48,40,24,36,0.9528301954269409,0.24179935455322266
374,0.000316227766016838,0.95,80,48,80,16,0.8349056839942932,0.2544574737548828
375,0.00316227766016838,0.95,80,88,16,48,0.9528301954269409,0.23892450332641602
376,0.1,0.95,16,56,8,40,0.9433962106704712,1.3681983947753906
377,3.1622776601683805e-06,0.8,96,80,56,20,0.12264151126146317,0.295149564743042
378,0.0010000000000000002,0.8,96,16,80,20,0.8066037893295288,0.26012659072875977
379,0.000316227766016838,0.8,16,104,104,4,0.8349056839942932,0.24943041801452637
380,0.00010000000000000002,0.95,16,56,64,24,0.8915094137191772,0.25560855865478516
381,0.0316227766016838,0.9,80,80,48,36,0.948113203048706,0.25111913681030273
382,0.1,0.9,48,80,16,56,0.9669811129570007,0.2413628101348877
383,0.00010000000000000002,0.95,32,48,24,60,0.8632075190544128,0.24677371978759766
384,0.1,0.8,48,40,112,24,0.9669811129570007,0.24728631973266602
385,3.16227766016838e-05,0.8,64,8,112,36,0.2830188572406769,0.24167227745056152
386,3.16227766016838e-05,0.9,96,64,96,8,0.5424528121948242,0.28908252716064453
387,0.0316227766016838,0.95,16,80,96,28,0.9669811129570007,0.2627694606781006
388,0.00316227766016838,0.8,48,112,96,40,0.9575471878051758,0.2546813488006592
389,0.010000000000000002,0.95,64,80,40,44,0.9528301954269409,0.24445271492004395
390,0.0010000000000000002,0.99,32,8,120,56,0.9339622855186462,0.24470090866088867
391,0.1,0.9,96,32,88,52,0.948113203048706,0.24219489097595215
392,3.1622776601683805e-06,0.95,48,8,56,40,0.21226415038108826,0.2443091869354248
393,0.00316227766016838,0.9,32,96,104,8,0.9386792182922363,0.23979544639587402
394,3.16227766016838e-05,0.95,16,24,104,56,0.8349056839942932,0.24389076232910156
395,0.010000000000000002,0.8,16,88,24,52,0.9716981053352356,0.25676465034484863
396,0.00316227766016838,0.99,80,24,88,16,0.9433962106704712,0.2502553462982178
397,0.00010000000000000002,0.95,32,8,88,8,0.7216981053352356,0.24621343612670898
398,3.16227766016838e-05,0.99,16,96,24,36,0.9245283007621765,0.24290013313293457
399,3.16227766016838e-05,0.95,16,72,112,48,0.8726415038108826,0.26195359230041504
400,0.00316227766016838,0.9,64,8,88,20,0.9150943160057068,0.22620296478271484
401,0.1,0.9,32,8,120,24,0.948113203048706,0.24194097518920898
402,0.0010000000000000002,0.8,64,88,24,8,0.7641509175300598,0.22783112525939941
403,1.0000000000000003e-05,0.99,96,8,72,52,0.6226415038108826,0.24164938926696777
404,1.0000000000000003e-05,0.95,32,80,64,52,0.6650943160057068,0.2424781322479248
405,0.000316227766016838,0.8,16,80,40,48,0.8962264060974121,0.24547743797302246
406,0.0010000000000000002,0.99,16,64,48,32,0.9575471878051758,0.2390296459197998
407,3.1622776601683805e-06,0.8,32,112,32,16,0.34433960914611816,0.26808929443359375
408,0.00316227766016838,0.9,96,112,120,28,0.9339622855186462,0.2600576877593994
409,0.1,0.99,48,8,56,4,0.9103773832321167,0.2677426338195801
410,0.000316227766016838,0.99,16,120,104,60,0.9575471878051758,0.24594807624816895
411,0.010000000000000002,0.99,16,88,96,4,0.9433962106704712,0.24899053573608398
412,0.000316227766016838,0.9,48,40,56,60,0.8820754885673523,0.25104618072509766
413,0.0010000000000000002,0.95,32,96,112,44,0.948113203048706,0.26607346534729004
414,0.1,0.95,16,48,32,36,0.9764150977134705,0.23561334609985352
415,0.00316227766016838,0.8,16,112,96,48,0.9575471878051758,0.25806331634521484
416,0.0010000000000000002,0.9,32,24,88,24,0.9056603908538818,0.2456820011138916
417,0.010000000000000002,0.95,48,104,72,20,0.9622641801834106,0.2883164882659912
418,3.1622776601683805e-06,0.8,96,40,24,40,0.3207547068595886,0.24034619331359863
419,0.0316227766016838,0.9,80,56,48,16,0.9575471878051758,0.23027396202087402
420,3.16227766016838e-05,0.8,16,64,96,56,0.7688679099082947,0.24797749519348145
421,0.0010000000000000002,0.9,48,104,32,40,0.9292452931404114,0.2418537139892578
422,0.010000000000000002,0.99,64,24,40,48,0.9528301954269409,0.24457669258117676
423,3.1622776601683805e-06,0.95,32,56,24,44,0.349056601524353,0.24026012420654297
424,0.00316227766016838,0.8,96,40,8,36,0.8962264060974121,0.2354137897491455
425,1.0000000000000003e-05,0.8,64,104,72,32,0.38679245114326477,0.2489011287689209
426,0.1,0.99,48,80,72,8,0.9433962106704712,0.27831506729125977
427,0.00010000000000000002,0.9,80,72,112,52,0.801886796951294,0.25941920280456543
428,3.16227766016838e-05,0.95,32,72,56,16,0.650943398475647,0.2698204517364502
429,0.0316227766016838,0.9,32,80,112,52,0.9433962106704712,0.25421905517578125
430,3.16227766016838e-05,0.8,32,48,72,40,0.41981130838394165,0.2503795623779297
431,1.0000000000000003e-05,0.9,96,16,56,28,0.24528302252292633,0.24784183502197266
432,0.0010000000000000002,0.99,80,56,64,28,0.9433962106704712,0.24434447288513184
433,0.010000000000000002,0.8,96,104,16,52,0.9339622855186462,0.2409532070159912
434,0.0010000000000000002,0.99,16,80,40,60,0.9716981053352356,0.24139022827148438
435,0.0316227766016838,0.9,80,96,16,52,0.9386792182922363,0.2528538703918457
436,0.00316227766016838,0.9,16,64,88,28,0.9622641801834106,0.24311256408691406
437,3.16227766016838e-05,0.95,80,104,32,36,0.7075471878051758,0.24716854095458984
438,0.0316227766016838,0.9,16,8,104,16,0.9339622855186462,0.25196313858032227
439,0.00316227766016838,0.99,64,64,16,16,0.9386792182922363,0.24500656127929688
440,0.000316227766016838,0.99,80,80,88,16,0.9056603908538818,0.318037748336792
441,1.0000000000000003e-05,0.99,96,48,56,36,0.7641509175300598,0.25949621200561523
442,0.00316227766016838,0.8,80,16,32,12,0.8632075190544128,0.2548365592956543
443,0.1,0.8,64,56,24,28,0.9622641801834106,0.24299097061157227
444,0.0316227766016838,0.95,16,32,120,28,0.9669811129570007,0.26291370391845703
445,0.0010000000000000002,0.95,80,96,40,44,0.9339622855186462,0.2519114017486572
446,0.0316227766016838,0.9,96,64,40,20,0.948113203048706,0.25453782081604004
447,0.1,0.9,32,64,8,60,0.9292452931404114,0.2421424388885498
448,0.0316227766016838,0.9,32,16,56,24,0.9339622855186462,0.24728083610534668
449,0.010000000000000002,0.99,32,88,96,36,0.9433962106704712,0.2538275718688965
450,0.1,0.99,96,8,120,8,0.9292452931404114,0.23170781135559082
451,0.00316227766016838,0.99,64,120,88,28,0.9292452931404114,0.2551887035369873
452,0.010000000000000002,0.95,64,64,56,56,0.9528301954269409,0.2447829246520996
453,0.00316227766016838,0.9,64,8,112,56,0.9386792182922363,0.2408580780029297
454,0.00010000000000000002,0.95,48,48,16,48,0.7971698045730591,0.23743271827697754
455,3.1622776601683805e-06,0.95,96,88,80,48,0.4103773534297943,0.256960391998291
456,0.00010000000000000002,0.8,48,8,64,60,0.7028301954269409,0.23772048950195312
457,3.16227766016838e-05,0.8,80,120,16,32,0.4716981053352356,0.23280119895935059
458,0.00010000000000000002,0.9,16,24,48,44,0.8113207817077637,0.23532748222351074
459,0.00010000000000000002,0.9,16,96,96,40,0.8915094137191772,0.2529761791229248
460,0.0316227766016838,0.99,48,96,64,48,0.9386792182922363,0.25328731536865234
461,0.010000000000000002,0.95,64,40,32,32,0.9575471878051758,0.23907089233398438
462,0.000316227766016838,0.9,48,72,64,44,0.900943398475647,0.2271718978881836
463,0.00316227766016838,0.99,48,16,104,48,0.948113203048706,0.24962115287780762
464,0.010000000000000002,0.99,80,104,48,16,0.9528301954269409,0.2288951873779297
465,3.16227766016838e-05,0.8,64,40,24,36,0.49528300762176514,0.23274850845336914
466,0.000316227766016838,0.95,96,120,112,48,0.9056603908538818,0.2598121166229248
467,0.0010000000000000002,0.95,16,32,120,24,0.9433962106704712,0.24297094345092773
468,3.16227766016838e-05,0.9,64,32,72,32,0.6698113083839417,0.2319488525390625
469,0.0316227766016838,0.8,96,104,24,40,0.9622641801834106,0.2369391918182373
470,0.000316227766016838,0.9,16,112,80,60,0.948113203048706,0.24852561950683594
471,1.0000000000000003e-05,0.8,48,72,48,20,0.2830188572406769,0.24082517623901367
472,0.00010000000000000002,0.95,32,120,32,48,0.9056603908538818,0.2413930892944336
473,0.00316227766016838,0.9,80,8,40,12,0.900943398475647,0.2401587963104248
474,1.0000000000000003e-05,0.9,16,16,16,44,0.15094339847564697,0.26341772079467773
475,0.0316227766016838,0.8,48,40,32,16,0.9433962106704712,0.2830657958984375
476,0.000316227766016838,0.95,96,88,112,44,0.8915094137191772,0.24518275260925293
477,0.000316227766016838,0.8,32,96,120,28,0.8632075190544128,0.25910425186157227
478,0.1,0.9,80,120,80,24,0.9669811129570007,0.26249027252197266
479,0.1,0.95,32,56,24,24,0.9386792182922363,0.24669170379638672
480,1.0000000000000003e-05,0.8,48,32,104,20,0.23113207519054413,0.26476144790649414
481,3.1622776601683805e-06,0.95,48,80,72,44,0.3537735939025879,0.2508046627044678
482,0.0010000000000000002,0.95,16,48,72,40,0.9433962106704712,0.25071287155151367
483,1.0000000000000003e-05,0.9,80,96,8,16,0.2358490526676178,0.24419164657592773
484,0.000316227766016838,0.99,32,104,8,52,0.9528301954269409,0.23943662643432617
485,1.0000000000000003e-05,0.99,80,72,24,32,0.7405660152435303,0.23490691184997559
486,0.0010000000000000002,0.99,48,104,96,52,0.9669811129570007,0.25892210006713867
487,0.0010000000000000002,0.8,48,8,64,60,0.8867924809455872,0.23074555397033691
488,0.0010000000000000002,0.9,16,56,8,40,0.9433962106704712,0.24076247215270996
489,3.1622776601683805e-06,0.9,96,32,56,40,0.27358490228652954,0.2298603057861328
490,0.000316227766016838,0.99,32,40,8,40,0.9339622855186462,0.23247003555297852
491,0.000316227766016838,0.95,96,80,16,52,0.8726415038108826,0.242645263671875
492,3.1622776601683805e-06,0.95,48,112,96,36,0.6462264060974121,0.2529447078704834
493,1.0000000000000003e-05,0.9,48,48,8,4,0.25943395495414734,0.24405384063720703
494,1.0000000000000003e-05,0.9,16,112,16,44,0.6745283007621765,0.24957633018493652
495,3.1622776601683805e-06,0.8,48,120,80,60,0.400943398475647,0.2591431140899658
496,0.010000000000000002,0.95,64,112,24,28,0.9575471878051758,0.240509033203125
497,0.010000000000000002,0.9,80,24,32,24,0.9339622855186462,0.2355952262878418
498,1.0000000000000003e-05,0.99,80,96,120,20,0.7547169923782349,0.23535943031311035
499,0.0316227766016838,0.95,48,24,64,40,0.9575471878051758,0.2445368766784668
500,0.0010000000000000002,0.95,80,120,24,52,0.9386792182922363,0.24198436737060547
501,1.0000000000000003e-05,0.9,48,72,80,52,0.5471698045730591,0.24776959419250488
502,0.00010000000000000002,0.95,80,56,112,60,0.8584905862808228,0.24034595489501953
503,0.000316227766016838,0.8,48,56,16,12,0.650943398475647,0.2525289058685303
504,0.010000000000000002,0.95,16,16,72,36,0.9622641801834106,0.24239730834960938
505,0.1,0.8,80,96,56,56,0.9716981053352356,0.25249505043029785
506,1.0000000000000003e-05,0.99,80,48,120,36,0.7971698045730591,0.2488560676574707
507,0.0316227766016838,0.8,80,56,112,20,0.9575471878051758,0.24132537841796875
508,3.1622776601683805e-06,0.9,96,64,96,36,0.08962263911962509,0.25763797760009766
509,3.16227766016838e-05,0.8,96,112,120,4,0.19339622557163239,0.2782411575317383
510,3.16227766016838e-05,0.99,32,96,32,36,0.8915094137191772,0.27130675315856934
511,3.1622776601683805e-06,0.95,64,24,80,20,0.15094339847564697,0.26705408096313477
512,1.0000000000000003e-05,0.8,80,8,56,4,0.1320754736661911,0.24441838264465332
513,3.16227766016838e-05,0.99,16,48,48,36,0.9056603908538818,0.2548940181732178
514,0.010000000000000002,0.8,16,56,80,32,0.9622641801834106,0.2575364112854004
515,0.010000000000000002,0.9,80,88,56,24,0.9622641801834106,0.2540888786315918
516,0.0010000000000000002,0.8,96,80,120,16,0.8679245114326477,0.24062848091125488
517,0.000316227766016838,0.9,80,104,24,48,0.8396226167678833,0.251483678817749
518,0.0316227766016838,0.99,80,40,88,36,0.9386792182922363,0.24332070350646973
519,0.000316227766016838,0.8,48,56,48,48,0.8207547068595886,0.23098444938659668
520,0.00010000000000000002,0.9,32,120,64,32,0.8160377144813538,0.23426175117492676
521,0.010000000000000002,0.99,16,72,40,24,0.9622641801834106,0.2508208751678467
522,0.000316227766016838,0.99,64,16,32,36,0.9150943160057068,0.23873257637023926
523,0.00316227766016838,0.99,96,56,32,16,0.9386792182922363,0.25246119499206543
524,3.16227766016838e-05,0.9,64,96,40,52,0.7311320900917053,0.2391064167022705
525,3.1622776601683805e-06,0.95,80,80,24,52,0.3113207519054413,0.24055075645446777
526,0.0010000000000000002,0.8,80,56,40,40,0.849056601524353,0.24117016792297363
527,3.16227766016838e-05,0.99,16,40,88,4,0.8396226167678833,0.2593531608581543
528,0.000316227766016838,0.95,64,48,48,36,0.9056603908538818,0.23002123832702637
529,0.0010000000000000002,0.9,16,56,112,8,0.9198113083839417,0.2797563076019287
530,0.000316227766016838,0.95,96,120,112,56,0.9103773832321167,0.2521250247955322
531,0.0010000000000000002,0.95,96,48,16,56,0.9103773832321167,0.23521137237548828
532,0.00010000000000000002,0.99,16,80,80,24,0.9433962106704712,0.25145673751831055
533,0.1,0.95,80,104,80,52,0.9575471878051758,0.2506115436553955
534,0.010000000000000002,0.9,64,104,24,12,0.9575471878051758,0.2501218318939209
535,1.0000000000000003e-05,0.8,32,120,104,12,0.1603773534297943,0.23526287078857422
536,0.0010000000000000002,0.99,96,112,32,16,0.9433962106704712,0.23229026794433594
537,3.16227766016838e-05,0.99,48,120,24,8,0.7783018946647644,0.2639946937561035
538,0.000316227766016838,0.99,16,120,96,44,0.9716981053352356,0.2591063976287842
539,0.010000000000000002,0.8,96,64,8,28,0.9386792182922363,0.24091458320617676
540,0.00010000000000000002,0.95,80,104,96,4,0.7169811129570007,0.23792505264282227
541,0.000316227766016838,0.99,32,112,88,40,0.9622641801834106,0.24338221549987793
542,0.00316227766016838,0.9,16,64,104,44,0.9622641801834106,0.25370073318481445
543,0.010000000000000002,0.99,16,40,48,20,0.948113203048706,0.2578718662261963
544,0.1,0.95,32,88,48,48,0.9575471878051758,0.244675874710083
545,0.00010000000000000002,0.99,80,40,80,24,0.8773584961891174,0.26845407485961914
546,1.0000000000000003e-05,0.8,32,80,88,48,0.6084905862808228,0.2714416980743408
547,0.00010000000000000002,0.95,16,96,104,40,0.9103773832321167,0.26880645751953125
548,3.1622776601683805e-06,0.8,48,8,56,4,0.16981132328510284,0.24130845069885254
549,0.1,0.9,80,48,80,60,0.9669811129570007,0.2546262741088867
550,0.000316227766016838,0.99,64,48,96,56,0.9433962106704712,0.2503345012664795
551,0.0316227766016838,0.8,32,120,56,16,0.9622641801834106,0.28482890129089355
552,3.1622776601683805e-06,0.9,48,104,8,48,0.2688679099082947,0.24070334434509277
553,0.010000000000000002,0.95,16,104,112,20,0.948113203048706,0.23578262329101562
554,0.000316227766016838,0.8,16,96,72,36,0.8962264060974121,0.2571070194244385
555,0.00010000000000000002,0.95,80,24,88,44,0.7783018946647644,0.23092246055603027
556,0.000316227766016838,0.8,48,16,88,4,0.6698113083839417,0.2555885314941406
557,0.000316227766016838,0.99,80,56,80,36,0.9292452931404114,0.23151803016662598
558,1.0000000000000003e-05,0.8,96,104,16,40,0.400943398475647,0.24357891082763672
559,0.0010000000000000002,0.9,48,112,96,60,0.948113203048706,0.2576589584350586
560,0.000316227766016838,0.9,16,48,32,16,0.8726415038108826,0.253826379776001
561,0.0316227766016838,0.95,64,32,40,44,0.9528301954269409,0.2306194305419922
562,0.010000000000000002,0.8,64,32,120,40,0.9339622855186462,0.2423388957977295
563,0.010000000000000002,0.95,48,48,104,60,0.9622641801834106,0.2437736988067627
564,3.16227766016838e-05,0.9,32,80,104,44,0.7830188870429993,0.24892139434814453
565,0.000316227766016838,0.8,16,56,104,40,0.8962264060974121,0.22954678535461426
566,0.000316227766016838,0.95,32,64,24,12,0.8679245114326477,0.2278299331665039
567,0.0010000000000000002,0.9,64,40,72,44,0.9198113083839417,0.253223180770874
568,3.1622776601683805e-06,0.99,32,48,56,12,0.5377358198165894,0.2627730369567871
569,3.1622776601683805e-06,0.99,32,88,80,20,0.7264150977134705,0.2816946506500244
570,0.0316227766016838,0.8,48,32,80,52,0.9386792182922363,0.23803973197937012
571,0.00010000000000000002,0.8,16,104,16,36,0.8443396091461182,0.24570608139038086
572,3.16227766016838e-05,0.95,48,8,80,24,0.5896226167678833,0.23563623428344727
573,3.1622776601683805e-06,0.8,96,56,8,60,0.2688679099082947,0.2358565330505371
574,0.1,0.9,48,32,8,40,0.948113203048706,0.23671340942382812
575,0.1,0.99,16,88,96,24,0.9245283007621765,0.24986624717712402
576,0.0316227766016838,0.95,48,40,16,8,0.8584905862808228,0.2360825538635254
577,0.0010000000000000002,0.99,16,96,96,60,0.9669811129570007,0.24254536628723145
578,0.1,0.8,80,56,16,40,0.8726415038108826,0.2451162338256836
579,0.0316227766016838,0.8,16,104,56,32,0.9575471878051758,0.24337458610534668
580,0.010000000000000002,0.95,32,16,24,40,0.9339622855186462,0.23197102546691895
581,0.000316227766016838,0.9,16,88,16,4,0.7594339847564697,0.24796533584594727
582,0.000316227766016838,0.95,64,88,56,52,0.9150943160057068,0.248762845993042
583,0.010000000000000002,0.9,64,56,80,24,0.9528301954269409,0.2683098316192627
584,3.1622776601683805e-06,0.95,80,120,120,52,0.3349056541919708,0.28604960441589355
585,3.16227766016838e-05,0.8,96,40,8,24,0.16509434580802917,0.2513852119445801
586,0.00316227766016838,0.99,64,8,72,60,0.9386792182922363,0.24562573432922363
587,3.1622776601683805e-06,0.95,96,32,104,24,0.25943395495414734,0.25202226638793945
588,3.16227766016838e-05,0.9,64,64,80,28,0.7122641801834106,0.25631260871887207
589,0.1,0.8,32,8,32,4,0.9245283007621765,0.24406147003173828
590,3.16227766016838e-05,0.95,16,88,32,12,0.7075471878051758,0.2627429962158203
591,0.0316227766016838,0.99,80,40,16,20,0.9528301954269409,0.24881553649902344
592,0.0316227766016838,0.99,16,96,56,52,0.9622641801834106,0.25987768173217773
593,0.1,0.99,16,24,88,44,0.9245283007621765,0.23575472831726074
594,0.00316227766016838,0.99,16,48,96,56,0.9764150977134705,0.23993778228759766
595,0.010000000000000002,0.9,80,24,64,16,0.9433962106704712,0.2550325393676758
596,0.0010000000000000002,0.9,32,40,104,40,0.9292452931404114,0.25275492668151855
597,0.000316227766016838,0.8,32,120,64,60,0.8915094137191772,0.2342684268951416
598,0.0316227766016838,0.99,96,64,120,20,0.9622641801834106,0.28688573837280273
599,3.1622776601683805e-06,0.9,80,8,88,4,0.15094339847564697,0.24936509132385254
600,0.000316227766016838,0.9,48,8,48,56,0.8113207817077637,0.2433030605316162
601,0.010000000000000002,0.8,48,16,40,40,0.9292452931404114,0.2442612648010254
602,0.000316227766016838,0.8,64,16,56,40,0.7358490824699402,0.23613595962524414
603,1.0000000000000003e-05,0.8,32,24,120,12,0.24528302252292633,0.26418185234069824
604,0.010000000000000002,0.95,96,72,120,32,0.9433962106704712,0.24976348876953125
605,0.1,0.8,64,24,48,44,0.9528301954269409,0.22853779792785645
606,0.00316227766016838,0.8,16,96,40,12,0.9433962106704712,0.2355184555053711
607,0.010000000000000002,0.95,80,112,32,16,0.9575471878051758,0.2290635108947754
608,3.16227766016838e-05,0.9,96,48,8,24,0.3679245412349701,0.237288236618042
609,0.00010000000000000002,0.8,96,72,32,24,0.5094339847564697,0.23952627182006836
610,3.1622776601683805e-06,0.99,80,24,48,24,0.3396226465702057,0.2353982925415039
611,0.1,0.8,32,88,64,16,0.9528301954269409,0.27393054962158203
612,0.000316227766016838,0.99,32,80,88,20,0.9575471878051758,0.28905391693115234
613,3.1622776601683805e-06,0.8,48,40,96,28,0.18867924809455872,0.24149107933044434
614,0.00010000000000000002,0.9,32,40,8,40,0.5896226167678833,0.23225045204162598
615,0.0010000000000000002,0.9,96,48,32,56,0.8962264060974121,0.24229049682617188
616,0.1,0.8,16,40,64,4,0.9433962106704712,0.24778461456298828
617,3.16227766016838e-05,0.8,80,88,88,12,0.39150944352149963,0.23338079452514648
618,3.1622776601683805e-06,0.9,64,48,72,44,0.40566039085388184,0.22722983360290527
619,0.0010000000000000002,0.9,48,24,120,60,0.9292452931404114,0.2428603172302246
620,0.00316227766016838,0.95,48,40,96,40,0.9292452931404114,0.24138164520263672
621,0.010000000000000002,0.95,96,80,72,32,0.9575471878051758,0.24324703216552734
622,0.00010000000000000002,0.8,96,24,16,52,0.4669811427593231,0.2438511848449707
623,0.010000000000000002,0.8,32,112,64,56,0.9575471878051758,0.2808976173400879
624,0.1,0.9,32,32,32,16,0.9575471878051758,0.27201175689697266
625,0.0316227766016838,0.9,16,80,56,36,0.9669811129570007,0.24927568435668945
626,0.010000000000000002,0.9,64,104,104,40,0.9622641801834106,0.2709314823150635
627,0.1,0.99,32,104,64,60,0.9339622855186462,0.2595789432525635
628,0.0316227766016838,0.95,80,8,120,8,0.9339622855186462,0.23651814460754395
629,0.010000000000000002,0.8,80,120,88,44,0.9764150977134705,0.2602050304412842
630,0.010000000000000002,0.95,32,32,80,44,0.9386792182922363,0.2555983066558838
631,0.0316227766016838,0.99,80,64,88,20,0.9198113083839417,0.28141140937805176
632,0.0010000000000000002,0.99,64,48,56,60,0.9575471878051758,0.2499256134033203
633,1.0000000000000003e-05,0.9,16,80,120,44,0.7594339847564697,0.2551734447479248
634,1.0000000000000003e-05,0.8,96,32,88,40,0.08962263911962509,0.24978971481323242
635,0.1,0.99,16,120,96,16,0.7641509175300598,0.2456061840057373
636,0.00316227766016838,0.95,32,72,64,36,0.9622641801834106,0.2342240810394287
637,0.1,0.95,96,80,32,28,0.9622641801834106,0.24521470069885254
638,0.00316227766016838,0.95,64,56,72,52,0.9575471878051758,0.23614740371704102
639,0.0010000000000000002,0.8,16,96,112,12,0.9103773832321167,0.23868203163146973
640,0.1,0.9,48,40,80,48,0.9622641801834106,0.23335909843444824
641,0.0316227766016838,0.95,80,96,88,40,0.9622641801834106,0.2514338493347168
642,0.0316227766016838,0.95,64,72,56,32,0.9622641801834106,0.24470925331115723
643,0.0010000000000000002,0.99,64,56,120,28,0.9575471878051758,0.22873902320861816
644,0.000316227766016838,0.95,32,32,8,8,0.7641509175300598,0.23907780647277832
645,1.0000000000000003e-05,0.9,32,96,32,4,0.49056604504585266,0.2616238594055176
646,0.0010000000000000002,0.99,48,96,40,60,0.9622641801834106,0.24037957191467285
647,0.1,0.95,48,16,64,8,0.9433962106704712,0.24050569534301758
648,0.1,0.95,16,120,96,24,0.9764150977134705,0.23267054557800293
649,1.0000000000000003e-05,0.95,16,40,16,20,0.6933962106704712,0.22957658767700195
650,3.1622776601683805e-06,0.9,80,112,96,24,0.25471699237823486,0.2562377452850342
651,0.0316227766016838,0.99,32,24,16,32,0.9575471878051758,0.23407554626464844
652,0.0010000000000000002,0.8,96,88,120,32,0.8867924809455872,0.25751566886901855
653,3.16227766016838e-05,0.8,16,56,120,16,0.6839622855186462,0.28252172470092773
654,0.000316227766016838,0.95,80,80,56,40,0.900943398475647,0.2249159812927246
655,1.0000000000000003e-05,0.99,16,16,112,36,0.8679245114326477,0.2373981475830078
656,3.16227766016838e-05,0.95,48,72,8,24,0.6367924809455872,0.22554254531860352
657,0.00010000000000000002,0.9,96,104,32,28,0.7169811129570007,0.2359938621520996
658,0.0010000000000000002,0.8,16,8,32,52,0.9056603908538818,0.23825430870056152
659,0.00010000000000000002,0.95,48,24,80,36,0.8207547068595886,0.2401418685913086
660,3.1622776601683805e-06,0.99,32,64,64,44,0.7830188870429993,0.24570584297180176
661,3.16227766016838e-05,0.9,80,112,88,60,0.7688679099082947,0.25357580184936523
662,0.0316227766016838,0.99,16,104,24,48,0.9622641801834106,0.23081493377685547
663,0.000316227766016838,0.95,16,80,112,52,0.9433962106704712,1.7756438255310059
664,0.1,0.8,96,40,24,24,0.9575471878051758,0.26487016677856445
665,0.0316227766016838,0.8,48,64,8,60,0.9575471878051758,0.2550978660583496
666,0.0010000000000000002,0.9,48,112,64,16,0.9198113083839417,0.2418205738067627
667,1.0000000000000003e-05,0.99,80,72,96,4,0.4669811427593231,0.29488706588745117
668,0.010000000000000002,0.9,48,112,120,24,0.9528301954269409,0.27196264266967773
669,0.1,0.99,96,64,40,16,0.9622641801834106,0.23642992973327637
670,0.00010000000000000002,0.8,64,104,88,28,0.7311320900917053,0.2606980800628662
671,0.0010000000000000002,0.95,32,16,56,24,0.9198113083839417,0.2378683090209961
672,0.0316227766016838,0.99,96,96,24,20,0.948113203048706,0.2562062740325928
673,0.010000000000000002,0.95,16,104,104,36,0.9575471878051758,0.2452983856201172
674,0.00316227766016838,0.95,16,24,48,24,0.9669811129570007,0.23452234268188477
675,0.1,0.8,32,24,64,20,0.9575471878051758,0.24800395965576172
676,3.1622776601683805e-06,0.99,48,72,72,12,0.7075471878051758,0.2884101867675781
677,0.0010000000000000002,0.8,32,56,32,40,0.9103773832321167,0.24191880226135254
678,0.1,0.95,48,32,112,24,0.9622641801834106,0.25187158584594727
679,3.16227766016838e-05,0.9,32,48,24,60,0.7924528121948242,0.22797513008117676
680,0.0010000000000000002,0.95,48,48,112,44,0.9528301954269409,0.2507514953613281
681,0.010000000000000002,0.95,80,112,88,56,0.9575471878051758,0.25302910804748535
682,3.1622776601683805e-06,0.8,96,120,96,40,0.2641509473323822,0.25550389289855957
683,3.1622776601683805e-06,0.9,64,56,56,36,0.4292452931404114,0.23710918426513672
684,3.1622776601683805e-06,0.9,64,120,96,52,0.40566039085388184,0.25441646575927734
685,0.0010000000000000002,0.99,80,64,16,36,0.948113203048706,0.23757004737854004
686,0.0010000000000000002,0.99,48,80,40,36,0.9622641801834106,0.2452681064605713
687,0.1,0.9,96,16,104,24,0.9528301954269409,0.24333477020263672
688,0.000316227766016838,0.99,48,16,80,24,0.9150943160057068,0.24064350128173828
689,0.1,0.99,96,72,80,52,0.948113203048706,0.22645139694213867
690,0.000316227766016838,0.95,64,32,80,16,0.8584905862808228,0.22725248336791992
691,0.010000000000000002,0.99,16,64,8,32,0.948113203048706,0.24738454818725586
692,0.0316227766016838,0.95,64,72,104,44,0.9669811129570007,0.2500326633453369
693,0.010000000000000002,0.95,32,24,8,56,0.9386792182922363,0.23136162757873535
694,0.0010000000000000002,0.95,48,64,40,44,0.9433962106704712,0.23850440979003906
695,0.0010000000000000002,0.99,96,88,88,20,0.9386792182922363,0.2866699695587158
696,0.010000000000000002,0.95,32,96,88,56,0.9669811129570007,0.2515380382537842
697,1.0000000000000003e-05,0.99,48,72,56,48,0.8160377144813538,0.23726797103881836
698,0.0316227766016838,0.95,64,40,8,44,0.9575471878051758,0.23534822463989258
699,3.1622776601683805e-06,0.8,16,64,104,56,0.30188679695129395,0.2567565441131592
700,0.00010000000000000002,0.9,64,32,120,48,0.8066037893295288,0.24173331260681152
701,0.000316227766016838,0.95,96,8,72,8,0.7311320900917053,0.2364974021911621
702,0.000316227766016838,0.99,80,120,8,24,0.9292452931404114,0.24096226692199707
703,0.000316227766016838,0.95,80,72,40,20,0.8396226167678833,0.25040364265441895
704,0.000316227766016838,0.8,96,80,72,40,0.7830188870429993,0.24278831481933594
705,0.0010000000000000002,0.95,80,120,112,48,0.9386792182922363,0.23170113563537598
706,3.16227766016838e-05,0.9,48,120,8,60,0.5,0.26999449729919434
707,0.0010000000000000002,0.8,32,32,96,56,0.9245283007621765,0.255659818649292
708,0.0316227766016838,0.95,96,104,96,48,0.9669811129570007,0.2715744972229004
709,3.1622776601683805e-06,0.8,64,16,16,44,0.23113207519054413,0.24525809288024902
710,0.010000000000000002,0.8,48,88,120,40,0.9622641801834106,0.26370692253112793
711,0.1,0.99,32,96,8,52,0.9198113083839417,0.2567596435546875
712,3.1622776601683805e-06,0.9,80,40,24,24,0.25471699237823486,0.23372149467468262
713,0.00010000000000000002,0.99,64,72,72,20,0.8773584961891174,0.2747199535369873
714,0.000316227766016838,0.9,96,8,40,52,0.8207547068595886,0.2429051399230957
715,3.16227766016838e-05,0.9,80,16,64,20,0.4150943458080292,0.2539985179901123
716,1.0000000000000003e-05,0.9,80,64,32,4,0.19339622557163239,0.2527201175689697
717,1.0000000000000003e-05,0.95,80,104,40,32,0.7264150977134705,0.25046586990356445
718,0.00010000000000000002,0.99,96,40,104,40,0.8867924809455872,0.23274993896484375
719,0.1,0.9,64,88,80,4,0.9056603908538818,0.28971147537231445
720,0.000316227766016838,0.9,96,16,64,20,0.7311320900917053,0.23125672340393066
721,0.010000000000000002,0.99,48,48,64,16,0.9622641801834106,0.2631514072418213
722,0.010000000000000002,0.8,64,80,96,4,0.900943398475647,0.2998950481414795
723,0.0316227766016838,0.9,48,24,120,12,0.9575471878051758,0.22850966453552246
724,0.0316227766016838,0.9,32,80,64,28,0.9669811129570007,0.24852323532104492
725,3.16227766016838e-05,0.95,16,24,104,36,0.7877358198165894,0.24302196502685547
726,1.0000000000000003e-05,0.99,32,32,64,8,0.6839622855186462,0.25601649284362793
727,1.0000000000000003e-05,0.99,32,16,64,24,0.7358490824699402,0.23526501655578613
728,0.0316227766016838,0.95,80,8,104,36,0.9528301954269409,0.23803114891052246
729,0.0010000000000000002,0.99,64,96,24,56,0.9528301954269409,0.24063348770141602
730,0.0010000000000000002,0.95,48,72,104,12,0.9386792182922363,0.2884211540222168
731,0.1,0.9,16,32,72,20,0.9575471878051758,0.24843144416809082
732,0.00316227766016838,0.9,96,80,72,28,0.9339622855186462,0.2418670654296875
733,3.16227766016838e-05,0.99,64,8,48,8,0.6273584961891174,0.23737049102783203
734,0.000316227766016838,0.8,96,56,56,12,0.7688679099082947,0.25296759605407715
735,0.010000000000000002,0.99,64,56,120,40,0.9622641801834106,0.24721884727478027
736,3.1622776601683805e-06,0.9,32,40,8,44,0.2358490526676178,0.22935867309570312
737,0.0316227766016838,0.9,16,72,112,8,0.9575471878051758,0.23544740676879883
738,0.000316227766016838,0.95,80,72,64,16,0.8349056839942932,0.2629866600036621
739,0.010000000000000002,0.9,32,16,88,44,0.9433962106704712,0.23525238037109375
740,0.0316227766016838,0.8,32,120,48,28,0.9575471878051758,0.2303752899169922
741,3.1622776601683805e-06,0.99,48,32,112,60,0.75,0.24535822868347168
742,1.0000000000000003e-05,0.95,48,120,88,44,0.7358490824699402,0.22791123390197754
743,1.0000000000000003e-05,0.9,16,40,24,36,0.21698112785816193,0.23516178131103516
744,0.010000000000000002,0.8,48,64,64,8,0.9198113083839417,0.25711870193481445
745,3.16227766016838e-05,0.9,64,120,80,60,0.8066037893295288,0.2288062572479248
746,1.0000000000000003e-05,0.9,64,88,56,28,0.5613207817077637,0.2442615032196045
747,3.1622776601683805e-06,0.99,80,112,104,44,0.7877358198165894,0.2505989074707031
748,0.1,0.8,64,32,48,28,0.9528301954269409,0.23363685607910156
749,0.010000000000000002,0.99,16,56,64,56,0.9669811129570007,0.25138092041015625
750,0.000316227766016838,0.8,48,80,64,36,0.8537735939025879,0.2668490409851074
751,3.16227766016838e-05,0.95,32,88,96,20,0.8254716992378235,0.262035608291626
752,0.1,0.99,64,32,112,56,0.9622641801834106,0.27581143379211426
753,1.0000000000000003e-05,0.95,16,96,72,60,0.8537735939025879,0.2710576057434082
754,0.010000000000000002,0.9,16,64,8,60,0.948113203048706,0.25537705421447754
755,3.1622776601683805e-06,0.8,32,56,8,24,0.1462264209985733,0.2555217742919922
756,3.1622776601683805e-06,0.99,64,24,32,32,0.6792452931404114,0.24632620811462402
757,0.010000000000000002,0.99,16,120,120,44,0.9669811129570007,0.26938939094543457
758,3.16227766016838e-05,0.9,80,32,24,12,0.2971698045730591,0.2535240650177002
759,3.16227766016838e-05,0.95,16,48,48,8,0.6886792182922363,0.2575962543487549
760,0.1,0.95,16,48,8,28,0.9528301954269409,0.2542994022369385
761,0.0316227766016838,0.8,96,16,112,44,0.9339622855186462,0.2553722858428955
762,0.0316227766016838,0.95,16,24,112,56,0.9669811129570007,0.24720525741577148
763,3.1622776601683805e-06,0.8,48,120,96,60,0.4292452931404114,0.2609546184539795
764,3.16227766016838e-05,0.9,16,8,120,60,0.7358490824699402,0.24789881706237793
765,1.0000000000000003e-05,0.9,80,16,24,52,0.31603774428367615,0.24197101593017578
766,0.0316227766016838,0.9,48,88,40,20,0.9716981053352356,0.2679591178894043
767,0.0316227766016838,0.99,96,56,64,16,0.9433962106704712,0.26436519622802734
768,3.1622776601683805e-06,0.99,48,16,88,36,0.6320754885673523,0.2465221881866455
769,0.1,0.95,96,56,40,8,0.948113203048706,0.24865412712097168
770,0.0316227766016838,0.95,96,48,56,60,0.9575471878051758,0.22962713241577148
771,0.010000000000000002,0.99,32,112,80,48,0.9386792182922363,0.25234270095825195
772,3.16227766016838e-05,0.9,80,120,120,56,0.8066037893295288,0.23211956024169922
773,0.1,0.95,16,24,72,36,0.9669811129570007,0.2385115623474121
774,0.000316227766016838,0.9,16,64,32,28,0.900943398475647,0.24262237548828125
775,0.00316227766016838,0.95,32,112,16,56,0.9575471878051758,0.2421705722808838
776,0.000316227766016838,0.95,32,8,16,52,0.8726415038108826,0.23389697074890137
777,0.010000000000000002,0.9,80,32,56,56,0.9669811129570007,0.24106478691101074
778,0.0010000000000000002,0.95,80,64,48,56,0.9339622855186462,0.24369502067565918
779,0.00316227766016838,0.9,96,56,112,44,0.9386792182922363,0.24619388580322266
780,0.010000000000000002,0.99,48,56,104,40,0.9622641801834106,0.2312943935394287
781,1.0000000000000003e-05,0.8,96,80,56,8,0.3349056541919708,0.2611067295074463
782,3.16227766016838e-05,0.9,64,48,16,52,0.3254716992378235,0.23738670349121094
783,0.0010000000000000002,0.9,80,64,40,44,0.9103773832321167,0.23263955116271973
784,0.0316227766016838,0.99,64,104,88,40,0.9575471878051758,0.23643207550048828
785,0.010000000000000002,0.9,96,56,64,32,0.9433962106704712,0.24117493629455566
786,0.000316227766016838,0.8,48,48,80,24,0.7783018946647644,0.2405381202697754
787,0.00010000000000000002,0.8,32,16,8,8,0.3396226465702057,0.24106574058532715
788,0.00010000000000000002,0.99,80,64,88,24,0.8773584961891174,0.25324010848999023
789,0.010000000000000002,0.99,80,72,104,44,0.9528301954269409,0.23062562942504883
790,3.1622776601683805e-06,0.95,64,32,48,56,0.34433960914611816,0.22672510147094727
791,0.010000000000000002,0.99,96,32,88,20,0.9386792182922363,0.2509877681732178
792,0.010000000000000002,0.95,32,56,104,52,0.9669811129570007,0.24423599243164062
793,1.0000000000000003e-05,0.9,32,24,24,48,0.36320754885673523,0.2421572208404541
794,0.010000000000000002,0.8,64,64,120,32,0.948113203048706,0.25060129165649414
795,0.0010000000000000002,0.9,80,24,64,36,0.8915094137191772,0.24221301078796387
796,1.0000000000000003e-05,0.9,48,72,88,28,0.5471698045730591,0.2804830074310303
797,3.16227766016838e-05,0.9,32,96,64,24,0.6839622855186462,0.27162671089172363
798,1.0000000000000003e-05,0.9,80,8,32,24,0.2075471729040146,0.2698183059692383
799,3.1622776601683805e-06,0.99,48,16,56,4,0.2641509473323822,0.2585408687591553
800,0.00010000000000000002,0.8,16,16,40,56,0.8113207817077637,0.2628052234649658
801,0.010000000000000002,0.9,64,32,24,48,0.9575471878051758,0.25092172622680664
802,0.0010000000000000002,0.99,16,80,24,52,0.948113203048706,0.24480962753295898
803,0.0316227766016838,0.99,16,24,48,56,0.9386792182922363,0.2593998908996582
804,0.00316227766016838,0.9,32,16,120,44,0.948113203048706,0.25009870529174805
805,1.0000000000000003e-05,0.99,80,104,40,56,0.7311320900917053,0.251753568649292
806,0.00010000000000000002,0.99,64,72,120,60,0.9292452931404114,0.26169300079345703
807,3.16227766016838e-05,0.9,64,24,56,24,0.6792452931404114,0.2427682876586914
808,0.010000000000000002,0.99,80,16,8,16,0.9150943160057068,0.24363136291503906
809,0.010000000000000002,0.99,64,48,112,48,0.9528301954269409,0.25337839126586914
810,0.0316227766016838,0.8,32,88,56,52,0.9386792182922363,0.23718023300170898
811,0.1,0.9,96,80,8,60,0.9669811129570007,0.2463531494140625
812,1.0000000000000003e-05,0.95,16,8,88,28,0.5047169923782349,0.24348664283752441
813,0.010000000000000002,0.99,16,80,8,52,0.9622641801834106,0.241072416305542
814,1.0000000000000003e-05,0.99,16,64,24,48,0.8584905862808228,0.2549562454223633
815,3.16227766016838e-05,0.99,16,32,32,28,0.8867924809455872,0.2516758441925049
816,3.1622776601683805e-06,0.99,80,80,16,4,0.39150944352149963,0.24899911880493164
817,0.1,0.99,48,88,96,24,0.9764150977134705,0.2310636043548584
818,0.00010000000000000002,0.9,80,64,16,20,0.6462264060974121,0.24699807167053223
819,3.1622776601683805e-06,0.8,64,64,32,44,0.17924527823925018,0.24193811416625977
820,0.00316227766016838,0.9,80,112,56,8,0.9150943160057068,0.2958357334136963
821,1.0000000000000003e-05,0.95,64,24,112,52,0.7169811129570007,0.23839473724365234
822,3.1622776601683805e-06,0.9,80,16,120,52,0.27358490228652954,0.2393662929534912
823,3.16227766016838e-05,0.9,16,8,40,12,0.6556603908538818,0.23181796073913574
824,0.0010000000000000002,0.99,48,48,24,12,0.9339622855186462,0.2282731533050537
825,0.0010000000000000002,0.95,48,32,120,40,0.9386792182922363,0.23398137092590332
826,3.16227766016838e-05,0.99,16,120,24,48,0.9339622855186462,0.23825836181640625
827,0.00010000000000000002,0.8,96,112,40,56,0.7075471878051758,0.24330949783325195
828,0.1,0.9,96,56,48,4,0.9339622855186462,0.2524387836456299
829,0.00010000000000000002,0.9,48,40,104,60,0.8443396091461182,0.23311901092529297
830,0.00316227766016838,0.95,80,32,112,8,0.9150943160057068,0.2604382038116455
831,0.000316227766016838,0.8,32,32,32,16,0.7358490824699402,0.22982454299926758
832,0.010000000000000002,0.8,80,112,56,16,0.9339622855186462,0.22563695907592773
833,3.16227766016838e-05,0.8,48,40,80,36,0.5188679099082947,0.24178194999694824
834,0.00010000000000000002,0.8,64,56,16,32,0.47641509771347046,0.23621034622192383
835,0.1,0.95,96,40,32,44,0.9528301954269409,0.23779797554016113
836,3.1622776601683805e-06,0.9,48,32,40,36,0.36320754885673523,0.24348664283752441
837,0.000316227766016838,0.99,96,120,96,12,0.8962264060974121,0.23986220359802246
838,0.000316227766016838,0.99,48,24,120,44,0.9433962106704712,0.23676824569702148
839,0.00010000000000000002,0.99,48,40,56,48,0.9056603908538818,0.23862671852111816
840,0.1,0.9,64,32,72,28,0.9669811129570007,0.2272350788116455
841,0.00010000000000000002,0.8,80,56,112,12,0.650943398475647,0.2754063606262207
842,0.00010000000000000002,0.9,80,96,72,16,0.7924528121948242,0.2750875949859619
843,0.00316227766016838,0.8,32,72,104,40,0.9528301954269409,0.25215840339660645
844,0.00316227766016838,0.9,96,104,96,4,0.8962264060974121,0.25501441955566406
845,3.1622776601683805e-06,0.99,64,64,56,60,0.7688679099082947,0.2747049331665039
846,0.00316227766016838,0.99,96,64,96,32,0.9528301954269409,0.26780128479003906
847,0.0010000000000000002,0.9,96,24,80,16,0.8349056839942932,0.24304771423339844
848,3.1622776601683805e-06,0.9,48,16,24,60,0.2216981202363968,0.24663662910461426
849,0.0316227766016838,0.95,96,104,72,60,0.9669811129570007,0.26062870025634766
850,3.1622776601683805e-06,0.99,80,56,8,48,0.47641509771347046,0.2513158321380615
851,3.1622776601683805e-06,0.9,32,112,72,40,0.5047169923782349,0.25691723823547363
852,3.16227766016838e-05,0.99,64,16,24,56,0.7688679099082947,0.24609780311584473
853,0.000316227766016838,0.95,80,56,64,40,0.900943398475647,0.24090838432312012
854,0.1,0.95,32,112,32,60,0.9622641801834106,0.2499535083770752
855,0.00316227766016838,0.95,96,48,24,4,0.9103773832321167,0.2512226104736328
856,0.00316227766016838,0.99,64,72,40,60,0.9103773832321167,0.2534358501434326
857,3.1622776601683805e-06,0.95,80,16,56,40,0.22641509771347046,0.23929786682128906
858,3.1622776601683805e-06,0.99,16,56,80,36,0.75,0.23840713500976562
859,0.0010000000000000002,0.9,96,32,48,36,0.8820754885673523,0.2403881549835205
860,1.0000000000000003e-05,0.99,64,24,32,36,0.698113203048706,0.25034332275390625
861,0.010000000000000002,0.8,80,32,112,24,0.9386792182922363,0.24721932411193848
862,0.00010000000000000002,0.8,48,104,120,24,0.7783018946647644,0.23169708251953125
863,0.000316227766016838,0.95,32,112,96,40,0.9245283007621765,0.23118877410888672
864,0.0010000000000000002,0.9,16,120,96,48,0.9622641801834106,0.2615046501159668
865,1.0000000000000003e-05,0.99,32,96,120,36,0.8537735939025879,0.2556588649749756
866,3.16227766016838e-05,0.9,32,120,112,36,0.8632075190544128,0.2557642459869385
867,0.00010000000000000002,0.9,96,104,96,60,0.8254716992378235,0.2504904270172119
868,3.16227766016838e-05,0.9,80,56,112,4,0.349056601524353,0.2844531536102295
869,0.00316227766016838,0.9,64,64,16,40,0.9386792182922363,0.24088382720947266
870,0.000316227766016838,0.99,48,96,8,8,0.8820754885673523,0.243483304977417
871,1.0000000000000003e-05,0.99,80,120,96,36,0.8113207817077637,0.2586338520050049
872,0.0010000000000000002,0.95,48,24,8,12,0.900943398475647,0.2355058193206787
873,0.00316227766016838,0.95,32,104,16,32,0.9575471878051758,0.242842435836792
874,0.00010000000000000002,0.99,80,80,120,44,0.900943398475647,0.22904419898986816
875,0.0010000000000000002,0.99,48,104,56,8,0.9433962106704712,0.27648329734802246
876,0.0010000000000000002,0.99,16,80,80,8,0.9433962106704712,0.27179861068725586
877,0.010000000000000002,0.9,16,72,56,60,0.9716981053352356,0.24127936363220215
878,0.1,0.99,32,40,24,24,0.9622641801834106,0.23349261283874512
879,3.16227766016838e-05,0.99,64,24,104,56,0.8537735939025879,0.2335505485534668
880,0.0010000000000000002,0.99,16,96,80,40,0.9716981053352356,0.2485198974609375
881,0.000316227766016838,0.9,48,24,72,4,0.7169811129570007,0.24866652488708496
882,1.0000000000000003e-05,0.99,96,72,72,56,0.8113207817077637,0.2456057071685791
883,0.000316227766016838,0.8,80,64,32,52,0.7783018946647644,0.23851466178894043
884,0.010000000000000002,0.8,16,56,40,48,0.9669811129570007,0.24197793006896973
885,0.00010000000000000002,0.95,80,96,96,48,0.849056601524353,0.2522592544555664
886,0.000316227766016838,0.9,32,48,104,8,0.8396226167678833,0.2702057361602783
887,3.1622776601683805e-06,0.9,64,104,112,4,0.15566037595272064,0.2346208095550537
888,3.1622776601683805e-06,0.99,16,40,16,4,0.5566037893295288,0.2341594696044922
889,0.1,0.9,64,24,40,32,0.9622641801834106,0.24027156829833984
890,0.1,0.95,96,120,16,16,0.9716981053352356,0.2549412250518799
891,1.0000000000000003e-05,0.8,16,80,88,28,0.4811320900917053,0.25110912322998047
892,0.0010000000000000002,0.99,64,96,112,24,0.948113203048706,0.2539644241333008
893,0.00316227766016838,0.9,48,72,24,36,0.948113203048706,2.140519618988037
894,0.000316227766016838,0.95,64,88,104,24,0.8915094137191772,0.27414822578430176
895,0.0316227766016838,0.9,80,112,104,40,0.9528301954269409,0.2858583927154541
896,0.00010000000000000002,0.95,64,32,120,52,0.8537735939025879,0.2527132034301758
897,3.1622776601683805e-06,0.99,32,80,96,16,0.7311320900917053,0.30878710746765137
898,0.000316227766016838,0.95,16,88,48,16,0.9292452931404114,0.2759735584259033
899,0.0316227766016838,0.9,64,56,40,52,0.9622641801834106,0.24496173858642578
900,3.1622776601683805e-06,0.95,16,40,48,52,0.6037735939025879,0.26456212997436523
901,0.000316227766016838,0.9,96,40,8,40,0.7169811129570007,0.2399606704711914
902,0.0010000000000000002,0.99,96,48,8,44,0.9386792182922363,0.24469327926635742
903,0.1,0.8,32,56,96,4,0.9292452931404114,0.23949432373046875
904,0.1,0.9,48,104,112,52,0.9622641801834106,0.2558767795562744
905,0.000316227766016838,0.9,64,56,16,8,0.6320754885673523,0.24944758415222168
906,0.0316227766016838,0.9,16,80,96,40,0.9669811129570007,0.2611832618713379
907,0.00010000000000000002,0.95,16,80,80,12,0.8584905862808228,0.28620338439941406
908,3.16227766016838e-05,0.99,32,112,32,32,0.8962264060974121,0.2486574649810791
909,0.010000000000000002,0.9,16,120,104,36,0.9669811129570007,0.2581503391265869
910,3.1622776601683805e-06,0.8,16,56,64,40,0.5,0.23296046257019043
911,3.16227766016838e-05,0.95,96,16,72,8,0.3207547068595886,0.24702215194702148
912,0.0010000000000000002,0.8,80,40,24,16,0.7169811129570007,0.2539396286010742
913,0.000316227766016838,0.95,32,88,80,12,0.8915094137191772,0.2872922420501709
914,1.0000000000000003e-05,0.9,64,104,64,36,0.19811320304870605,0.24120831489562988
915,0.00010000000000000002,0.8,16,64,88,56,0.8443396091461182,0.25104761123657227
916,0.00010000000000000002,0.9,96,32,48,4,0.5660377144813538,0.2332134246826172
917,3.16227766016838e-05,0.9,32,72,120,56,0.8396226167678833,0.24657845497131348
918,1.0000000000000003e-05,0.99,48,40,40,8,0.37264150381088257,0.24895715713500977
919,0.00010000000000000002,0.9,96,48,8,56,0.6839622855186462,0.23597168922424316
920,0.0316227766016838,0.99,64,56,40,48,0.9528301954269409,0.23589658737182617
921,0.1,0.99,48,56,104,16,0.9528301954269409,0.2774226665496826
922,1.0000000000000003e-05,0.95,96,24,32,36,0.3349056541919708,0.23197722434997559
923,3.16227766016838e-05,0.8,80,120,80,8,0.15566037595272064,0.233107328414917
924,0.0316227766016838,0.99,48,40,24,16,0.948113203048706,0.2238597869873047
925,0.00316227766016838,0.8,64,48,72,40,0.9198113083839417,0.24303603172302246
926,3.16227766016838e-05,0.9,16,8,96,8,0.6603773832321167,0.24591922760009766
927,3.1622776601683805e-06,0.95,16,56,32,12,0.4811320900917053,0.2472989559173584
928,0.010000000000000002,0.9,80,88,48,44,0.948113203048706,0.24241304397583008
929,0.0316227766016838,0.95,64,112,88,24,0.9669811129570007,0.24850702285766602
930,0.000316227766016838,0.9,64,24,88,8,0.7688679099082947,0.2584702968597412
931,0.010000000000000002,0.95,80,40,88,48,0.9622641801834106,0.23763632774353027
932,0.00316227766016838,0.95,80,96,64,56,0.9669811129570007,0.24695229530334473
933,0.0316227766016838,0.95,64,104,16,12,0.948113203048706,0.24797439575195312
934,0.1,0.8,16,104,104,36,0.9575471878051758,0.2301943302154541
935,0.000316227766016838,0.99,64,56,96,56,0.9339622855186462,0.2425670623779297
936,0.010000000000000002,0.9,96,16,80,36,0.9339622855186462,0.2334611415863037
937,0.00010000000000000002,0.9,32,56,120,20,0.8113207817077637,0.22581934928894043
938,0.0316227766016838,0.9,96,72,72,44,0.9575471878051758,0.24240899085998535
939,0.1,0.95,96,8,16,4,0.9103773832321167,0.2325115203857422
940,1.0000000000000003e-05,0.9,48,40,48,40,0.3820754587650299,0.23479199409484863
941,1.0000000000000003e-05,0.9,80,112,104,52,0.47641509771347046,0.25493407249450684
942,0.00316227766016838,0.95,64,40,8,28,0.9528301954269409,0.24312639236450195
943,3.16227766016838e-05,0.8,16,112,80,44,0.8160377144813538,0.2525813579559326
944,0.00316227766016838,0.9,16,56,16,28,0.9669811129570007,0.242171049118042
945,0.010000000000000002,0.9,80,40,64,36,0.9528301954269409,0.27279043197631836
946,0.000316227766016838,0.95,96,88,56,28,0.8773584961891174,0.2559702396392822
947,3.1622776601683805e-06,0.9,32,72,120,4,0.2216981202363968,0.265059232711792
948,3.16227766016838e-05,0.8,48,56,72,24,0.3113207519054413,0.2710914611816406
949,0.00316227766016838,0.8,16,104,96,12,0.9528301954269409,0.2588217258453369
950,0.00316227766016838,0.8,32,112,40,12,0.9433962106704712,0.27976536750793457
951,0.0010000000000000002,0.95,16,48,24,52,0.9575471878051758,0.24403882026672363
952,0.1,0.8,48,32,80,16,0.9528301954269409,0.246415376663208
953,0.0010000000000000002,0.95,16,64,56,40,0.9575471878051758,0.25345921516418457
954,0.000316227766016838,0.9,32,104,40,44,0.9103773832321167,0.2614705562591553
955,0.00010000000000000002,0.99,96,56,72,28,0.8726415038108826,0.2499997615814209
956,3.1622776601683805e-06,0.8,64,32,88,36,0.19339622557163239,0.25552916526794434
957,0.010000000000000002,0.95,16,112,8,4,0.9150943160057068,0.2499861717224121
958,0.00010000000000000002,0.8,48,80,24,24,0.47641509771347046,0.24355316162109375
959,0.00316227766016838,0.9,64,112,120,44,0.9433962106704712,0.2629272937774658
960,3.1622776601683805e-06,0.9,32,104,40,60,0.4528301954269409,0.25275611877441406
961,0.000316227766016838,0.99,96,48,56,4,0.8207547068595886,0.26764416694641113
962,0.000316227766016838,0.8,16,120,40,16,0.849056601524353,0.2711777687072754
963,0.0010000000000000002,0.99,32,104,80,44,0.9575471878051758,0.25370025634765625
964,0.00010000000000000002,0.8,48,40,80,60,0.8160377144813538,0.2338876724243164
965,0.1,0.9,80,72,24,20,0.9669811129570007,0.2523341178894043
966,3.1622776601683805e-06,0.8,16,40,88,24,0.36320754885673523,0.23344802856445312
967,0.1,0.8,16,40,88,56,0.9669811129570007,0.24781513214111328
968,3.16227766016838e-05,0.99,96,120,64,52,0.8584905862808228,0.2559206485748291
969,0.000316227766016838,0.95,16,104,104,40,0.948113203048706,0.23348379135131836
970,3.1622776601683805e-06,0.99,16,96,64,8,0.698113203048706,0.28139543533325195
971,0.00010000000000000002,0.9,96,80,16,32,0.7594339847564697,0.2360365390777588
972,0.00010000000000000002,0.99,80,120,80,28,0.900943398475647,0.25835561752319336
973,0.00316227766016838,0.95,80,48,32,24,0.9339622855186462,0.239396333694458
974,0.00010000000000000002,0.9,16,24,96,36,0.8396226167678833,0.2500607967376709
975,0.1,0.95,96,8,24,48,0.9433962106704712,0.2285749912261963
976,1.0000000000000003e-05,0.95,80,120,8,12,0.3254716992378235,0.23166561126708984
977,3.16227766016838e-05,0.8,64,16,56,8,0.18867924809455872,0.24715542793273926
978,0.00316227766016838,0.95,16,88,16,52,0.9528301954269409,0.24948954582214355
979,0.00316227766016838,0.99,64,40,8,40,0.9433962106704712,0.23609590530395508
980,0.1,0.95,96,64,40,32,0.9622641801834106,0.2401435375213623
981,3.16227766016838e-05,0.99,64,64,48,60,0.8915094137191772,0.2377796173095703
982,0.000316227766016838,0.99,16,32,56,4,0.9198113083839417,0.251431941986084
983,0.0010000000000000002,0.8,16,96,104,24,0.9292452931404114,0.2526979446411133
984,0.1,0.8,96,120,40,4,0.801886796951294,0.26762866973876953
985,0.00316227766016838,0.95,48,8,8,36,0.9245283007621765,0.23267841339111328
986,3.1622776601683805e-06,0.9,96,32,104,20,0.21698112785816193,0.2252979278564453
987,0.00316227766016838,0.95,16,48,120,48,0.9622641801834106,0.24870944023132324
988,3.16227766016838e-05,0.99,64,104,8,36,0.8349056839942932,0.2387526035308838
989,1.0000000000000003e-05,0.8,64,48,120,36,0.49056604504585266,0.22745037078857422
990,1.0000000000000003e-05,0.95,16,40,104,32,0.7594339847564697,0.24958539009094238
991,0.00010000000000000002,0.8,48,48,80,28,0.7264150977134705,0.2427663803100586
992,0.00316227766016838,0.99,96,80,24,20,0.9575471878051758,0.23942852020263672
993,0.1,0.95,96,32,112,56,0.9575471878051758,0.23041629791259766
994,0.000316227766016838,0.9,16,72,72,32,0.9103773832321167,0.22916173934936523
995,0.00316227766016838,0.99,48,96,40,16,0.9433962106704712,0.25930070877075195
996,3.16227766016838e-05,0.95,48,88,64,20,0.75,0.22858190536499023
997,0.1,0.95,48,80,80,52,0.9622641801834106,0.2458934783935547
998,0.000316227766016838,0.95,48,96,72,16,0.8820754885673523,0.22864556312561035
999,0.00316227766016838,0.99,48,48,88,4,0.900943398475647,0.2945582866668701
1000,0.0316227766016838,0.95,32,24,48,12,0.9528301954269409,0.27132201194763184
1001,0.000316227766016838,0.8,80,24,16,36,0.7877358198165894,0.26857638359069824
1002,3.1622776601683805e-06,0.8,64,16,40,32,0.23113207519054413,0.2714390754699707
1003,0.000316227766016838,0.95,96,16,96,8,0.75,0.261798620223999
1004,0.00316227766016838,0.99,16,48,112,40,0.9669811129570007,0.26619529724121094
1005,3.16227766016838e-05,0.99,32,48,112,4,0.7924528121948242,0.29149961471557617
1006,0.0010000000000000002,0.9,32,48,88,40,0.9339622855186462,0.24233460426330566
1007,1.0000000000000003e-05,0.99,16,40,16,20,0.75,0.23754239082336426
1008,0.1,0.9,96,16,48,40,0.9622641801834106,0.2458651065826416
1009,0.010000000000000002,0.99,16,56,104,36,0.9669811129570007,0.25577473640441895
1010,0.0010000000000000002,0.99,32,56,120,28,0.9575471878051758,0.23790574073791504
1011,0.000316227766016838,0.99,64,64,88,44,0.9386792182922363,0.2534468173980713
1012,1.0000000000000003e-05,0.8,32,104,88,28,0.599056601524353,0.23663687705993652
1013,0.0010000000000000002,0.8,64,64,16,12,0.8066037893295288,0.2540919780731201
1014,0.0010000000000000002,0.95,80,104,72,48,0.9386792182922363,0.24803447723388672
1015,3.16227766016838e-05,0.99,64,120,64,24,0.8396226167678833,0.2528200149536133
1016,3.16227766016838e-05,0.8,80,32,24,4,0.3113207519054413,0.24177145957946777
1017,1.0000000000000003e-05,0.8,32,48,64,32,0.3254716992378235,0.24746203422546387
1018,1.0000000000000003e-05,0.8,64,120,112,56,0.6179245114326477,0.2306210994720459
1019,0.1,0.95,64,8,72,56,0.9575471878051758,0.23486542701721191
1020,0.010000000000000002,0.9,32,96,48,20,0.9669811129570007,0.2717561721801758
1021,0.00010000000000000002,0.95,16,56,88,56,0.9103773832321167,0.24502158164978027
1022,0.00010000000000000002,0.99,80,48,24,52,0.8773584961891174,0.23178768157958984
1023,0.000316227766016838,0.9,80,8,64,40,0.7405660152435303,0.23550868034362793
